,clean_word,weight
2, tuan,4.0
2678, tuan,-3.0
8,abai,4.0
2681,abai,-2.6666666666666665
12,absorpsi,3.0
2693,absorpsi,-3.0
15,acau,4.0
2699,acau,-4.0
17,adab,3.0
2703,adab,-3.0
23,adil,4.0
2709,adil,-4.0
35,agam,5.0
2717,agam,-3.0
2724,aib,-5.0
39,aib,1.0
2733,akhlak,-4.0
50,akhlak,4.0
2738,aku,-1.0
61,aku,2.0
2744,alami,-3.0
65,alami,3.0
68,alas,4.0
2745,alas,-4.0
69,album,3.0
2750,album,-2.0
81,amal,4.0
2763,amal,-4.0
83,ambil,3.0
2773,ambil,-5.0
2787,ampun,-2.0
93,ampun,1.0
94,amuk,1.0
2790,amuk,-4.0
2791,anak,-3.0
96,anak,3.0
107,aneh,4.0
2805,aneh,-4.0
2814,angkat,-4.0
115,angkat,3.0
116,angkut,1.0
2819,angkut,-5.0
118,angsur,1.0
2821,angsur,-3.0
121,anjung,4.0
2832,anjung,-3.0
2847,apas,-3.0
132,apas,5.0
2851,api,-3.0
134,api,4.0
2853,apit,-3.5
135,apit,4.0
137,arah,1.6666666666666667
2857,arah,-3.5
2870,asa,-2.0
148,asa,3.0
163,asuh,3.0
2887,asuh,-2.0
2891,atas,-4.0
164,atas,3.0
2902,awal,-3.0
171,awal,2.0
172,awas,4.0
2905,awas,-2.0
178,ayun,2.0
2912,ayun,-3.0
182,babar,3.0
2916,babar,-1.3333333333333333
2923,baca,-1.0
185,baca,3.5
187,bagai,3.0
2932,bagai,-3.0
2944,baik,-3.0
197,baik,3.0
199,bain,3.0
2945,bain,-2.0
203,bakar,1.0
2948,bakar,-4.0
208,bakti,4.0
2950,bakti,-3.0
211,balik akal,3.0
2960,balik akal,-4.0
2977,banding,-3.0
212,banding,3.0
2980,bandung,-1.0
213,bandung,3.0
2992,bangun,-4.5
220,bangun,3.0
2993,banjir,-3.0
221,banjir,4.0
224,banting,1.0
2999,banting,-4.0
229,banyol,3.0
3005,banyol,-3.0
234,bara,2.0
3008,bara,-4.0
3023,batas,-3.0
238,batas,3.0
3045,bayan,-4.0
243,bayan,3.0
3046,bayar,-3.0
247,bayar,2.0
248,beber,3.0
3054,beber,-4.0
254,bekas,4.0
3074,bekas,-3.0
3086,belenggu,-3.0
258,belenggu,3.0
3106,benci,-5.0
268,benci,4.0
3129,bentrok,-5.0
272,bentrok,5.0
3131,bentur,-3.6666666666666665
274,bentur,1.0
3209,besar,-2.0
294,besar,4.0
3226,biar,-3.0
306,biar,1.0
3236,bidas,-5.0
308,bidas,3.0
316,bimbing,3.0
3243,bimbing,-3.0
318,binasa,3.0
3244,binasa,-5.0
325,bisik,4.0
3252,bisik,-2.0
328,bisu,1.0
3254,bisu,-4.0
336,bopong,1.0
3296,bopong,-3.0
3336,bukti,-3.5
351,bukti,3.0
359,bungkus,4.0
3354,bungkus,-3.0
362,buru,1.6666666666666667
3366,buru,-3.6666666666666665
365,butuh,4.0
3373,butuh,-5.0
3414,cahaya,-3.0
368,cahaya,4.0
380,caplok,3.0
3437,caplok,-3.0
3445,cat,-3.0
386,cat,4.0
391,cebik,4.0
3449,cebik,-3.0
393,cedera,5.0
3456,cedera,-4.0
395,cegah,2.6666666666666665
3458,cegah,-5.0
3490,cemas,-3.3333333333333335
401,cemas,4.0
3497,cemerlang,-1.0
402,cemerlang,4.0
3507,cemplung,-5.0
404,cemplung,1.0
3517,cengkau,-4.0
410,cengkau,3.0
411,cengkeram,1.0
3520,cengkeram,-4.0
419,ceria,4.0
3535,ceria,-1.0
3541,cerna,-5.0
423,cerna,3.0
3557,cinta,-3.0
429,cinta,3.75
435,cium,3.0
3560,cium,-3.0
438,coba,2.0
3567,coba,-5.0
3569,cocok,-3.0
439,cocok,4.0
3593,coret,-3.0
448,coret,2.0
455,cukup,4.0
3609,cukup,-3.6666666666666665
3631,daif,-3.0
468,daif,4.0
3636,dakwa,-4.0
471,dakwa,3.0
3646,damping,-3.0
475,damping,1.0
3656,data,-3.0
484,data,3.0
3660,daulat,-4.0
487,daulat,4.0
3661,daya,-4.0
488,daya,3.0
3666,debar,-4.0
496,debar,2.0
3667,debat,-4.0
497,debat,3.0
3680,dekat,-4.0
507,dekat,1.0
518,dengung,3.0
3701,dengung,-3.3333333333333335
3707,derai,-3.0
522,derai,3.0
3714,desa,-3.0
528,desa,4.0
3716,desak,-4.0
530,desak,1.0
537,diam,2.3333333333333335
3727,diam,-3.0
546,dingin,4.0
3754,dingin,-3.0
3796,duka,-4.5
575,duka,4.0
584,edar,2.0
3816,edar,-3.0
3835,elu,-2.0
603,elu,3.0
609,enak,4.5
3855,enak,-4.0
3870,erang,-3.0
619,erang,1.0
3883,faedah,-1.0
629,faedah,4.0
3915,gabung,-4.0
667,gabung,3.0
671,gali,4.0
3939,gali,-3.5
3944,gamat,-5.0
673,gamat,4.0
3947,gampang,-3.0
678,gampang,4.0
3953,ganduh,-3.0
679,ganduh,3.0
3957,ganggu,-4.0
680,ganggu,4.0
683,ganjar,4.5
3961,ganjar,-3.0
685,ganjil,4.0
3962,ganjil,-4.0
688,gantung,3.5
3963,gantung,-3.0
698,gede,2.5
4003,gede,-2.0
701,geger,4.0
4010,geger,-3.0
4012,gejolak,-3.0
702,gejolak,1.0
4025,gelegak,-3.0
708,gelegak,1.0
4042,gelora,-4.0
712,gelora,2.0
4048,gema,-4.0
713,gema,1.0
4051,gemas,-5.0
715,gemas,4.0
4064,gempar,-4.0
724,gempar,4.0
4079,gentar,-4.0
732,gentar,1.0
4083,gerecok,-4.0
740,gerecok,4.0
4102,gesek,-3.5
743,gesek,1.0
4104,geser,-4.0
744,geser,3.0
4109,giat,-4.0
748,giat,3.5
750,gigil,3.0
4113,gigil,-4.0
751,gila,3.0
4116,gila,-4.0
762,goda,2.0
4129,goda,-3.0
764,golong,4.0
4135,golong,-3.0
4162,gubris,-2.0
781,gubris,3.0
784,gugur,1.0
4167,gugur,-3.0
4193,gusar,-3.0
790,gusar,1.0
4197,habis,-3.6666666666666665
795,habis,3.0
4209,halang,-4.0
802,halang,3.0
810,hantu,3.0
4228,hantu,-4.0
812,harap,3.5
4232,harap,-3.0
843,hias,3.0
4257,hias,-4.0
4263,hilang,-3.3333333333333335
853,hilang,3.0
856,himpun,3.0
4271,himpun,-3.6666666666666665
857,hina,4.0
4272,hina,-5.0
865,hormat,5.0
4289,hormat,-3.0
4299,hukum,-3.0
872,hukum,3.5
874,huni,3.0
4303,huni,-3.0
877,iba,4.0
4306,iba,-5.0
4308,idam,-2.0
882,idam,3.0
889,ikat,2.6666666666666665
4322,ikat,-3.0
895,ikut,3.5
4325,ikut,-3.0
4331,imbas,-4.0
905,imbas,3.0
4340,inap,-3.0
913,inap,2.0
4345,indah,-2.0
915,indah,3.5
923,ingat,2.6666666666666665
4359,ingat,-3.0
945,interupsi,3.0
4378,interupsi,-5.0
4395,isbat,-3.0
956,isbat,3.0
960,istirahat,3.0
4402,istirahat,-2.0
4408,izin,-4.0
963,izin,3.0
967,jaga,2.3333333333333335
4413,jaga,-3.0
970,jahil,4.0
4418,jahil,-4.0
971,jajah,3.0
4421,jajah,-5.0
974,jalan,3.0
4424,jalan,-4.0
4443,jamin,-5.0
985,jamin,5.0
4451,jarak,-3.3333333333333335
988,jarak,3.0
4458,jatuh,-4.0
993,jatuh,1.0
999,jejal,1.0
4470,jejal,-3.0
1010,jernih,2.5
4509,jernih,-3.0
1019,jodoh,3.0
4524,jodoh,-3.0
4533,jual,-5.0
1025,jual,1.0
1033,junjung,4.0
4540,junjung,-2.0
4555,kabung,-5.0
1037,kabung,1.0
4572,kait,-3.0
1047,kait,2.0
4573,kaji,-5.0
1048,kaji,4.0
4591,kandung,-3.0
1060,kandung,5.0
1079,kata,3.0
4620,kata,-1.75
4627,kaya,-2.0
1083,kaya,2.0
4637,kecam,-5.0
1085,kecam,3.0
4644,kecil,-3.0
1088,kecil,4.0
4660,kejut,-3.0
1095,kejut,3.0
1100,kelih,4.0
4676,kelih,-4.0
1105,keluar,3.0
4687,keluar,-3.0
1114,kena,4.0
4707,kena,-3.0
4708,kenang,-3.0
1117,kenang,3.0
1132,keri,4.0
4747,keri,-4.0
1133,kerja,2.5
4753,kerja,-4.0
1138,kerubung,1.0
4762,kerubung,-4.0
1140,kesah,2.0
4769,kesah,-3.0
1155,khawatir,1.0
4801,khawatir,-4.0
1160,kias,4.0
4808,kias,-4.0
1162,kicau,3.0
4809,kicau,-4.0
1175,kira,2.3333333333333335
4818,kira,-2.0
1176,kirim,1.6666666666666667
4822,kirim,-5.0
1192,komplot,4.0
4845,komplot,-4.0
1199,konfirmasi,3.0
4847,konfirmasi,-4.0
1207,konspirasi,4.0
4856,konspirasi,-4.0
1218,korek,4.0
4869,korek,-4.0
1230,kuat,3.2
4892,kuat,-3.0
1233,kubra,2.0
4894,kubra,-3.0
1236,kucur,4.0
4897,kucur,-3.0
4899,kukuh,-3.0
1239,kukuh,2.0
1240,kuliah,1.0
4903,kuliah,-4.0
4906,kumpul,-3.0
1243,kumpul,3.0
1246,kunjung,3.0
4911,kunjung,-4.0
1248,kunyah,3.0
4913,kunyah,-4.0
4961,lalu,-4.5
1265,lalu,3.0
1284,lantik,3.0
4989,lantik,-3.0
4990,lanyak,-3.0
1287,lanyak,4.0
4996,lapor,-5.0
1290,lapor,2.0
5003,lari,-3.5
1292,lari,3.0
5009,latih,-2.0
1294,latih,3.3333333333333335
5013,lawan,-4.0
1297,lawan,1.0
1303,lebih,1.0
5023,lebih,-3.0
1307,lebur,3.0
5025,lebur,-4.0
5027,leceh,-5.0
1308,leceh,4.0
1314,lelah,4.0
5040,lelah,-3.0
1316,lelap,4.0
5041,lelap,-3.0
1317,leleh,1.0
5042,leleh,-3.0
1318,lemah,5.0
5047,lemah,-3.5
1323,lendeh,3.0
5060,lendeh,-3.0
5066,lengkap,-3.0
1325,lengkap,2.0
5074,lepas,-3.5714285714285716
1327,lepas,3.0
1328,lepek,3.0
5075,lepek,-4.0
1329,lesap,3.0
5079,lesap,-3.0
1332,letih,4.0
5083,letih,-3.0
1337,libat,3.0
5094,libat,-3.0
5099,lihat,-3.0
1341,lihat,3.0
5101,lilit,-3.0
1343,lilit,3.0
5109,lintang,-4.0
1352,lintang,3.0
5111,lintas,-4.0
1353,lintas,3.0
5116,liput,-3.0
1357,liput,3.0
5125,lolos,-4.0
1360,lolos,3.0
5131,lontar,-3.0
1364,lontar,3.0
5145,lucu,-2.0
1374,lucu,3.0
5162,lupa,-3.0
1387,lupa,1.0
5165,luruh,-3.0
1389,luruh,2.0
1392,maaf,3.5
5171,maaf,-3.0
1403,main,2.0
5188,main,-3.0
5196,makan,-3.0
1406,makan,1.6666666666666667
5202,makmur,-3.0
1413,makmur,4.0
5204,maksud,-1.0
1417,maksud,3.0
1420,malu,2.5
5216,malu,-3.0
1432,manja,5.0
5238,manja,-3.0
1434,mantap,4.333333333333333
5241,mantap,-3.0
1441,masak,2.0
5252,masak,-3.0
5256,masygul,-3.0
1447,masygul,3.0
5261,mati,-5.0
1452,mati,4.0
5264,mau,-2.0
1453,mau,5.0
5282,memang,-2.5
1461,memang,4.0
5289,menang,-5.0
1464,menang,3.6666666666666665
1465,mending,2.0
5298,mending,-3.0
1486,mesra,4.0
5341,mesra,-3.0
5372,moral,-4.0
1517,moral,4.0
1520,motivasi,3.0
5376,motivasi,-4.0
1524,mudah,2.75
5384,mudah,-3.0
1532,muka,5.0
5388,muka,-3.0
1538,mula,3.0
5389,mula,-3.5
1548,murah,3.5
5408,murah,-4.0
5458,neng,-1.0
1583,neng,5.0
1584,nestapa,1.0
5460,nestapa,-3.0
5499,nikmat,-3.0
1598,nikmat,3.3333333333333335
1600,nilai,5.0
5500,nilai,-4.0
5505,nista,-4.75
1602,nista,4.0
1610,nyala,2.0
5518,nyala,-4.0
1613,nyaman,4.0
5520,nyaman,-4.0
1617,nyata,4.0
5528,nyata,-2.0
5559,oles,-4.0
1623,oles,4.0
5565,omong kosong,-4.0
1624,omong kosong,1.0
1636,otak,3.0
5585,otak,-2.0
1641,otot,4.0
5590,otot,-4.0
1645,padu,4.0
5601,padu,-3.0
5622,panas,-4.0
1661,panas,4.0
1689,papar,3.0
5643,papar,-3.0
1699,pasang,4.0
5661,pasang,-3.0
5664,pasuk,-3.0
1704,pasuk,2.0
5672,paut,-4.0
1710,paut,3.0
5685,pegang,-2.6666666666666665
1716,pegang,4.0
5709,peluk,-3.0
1728,peluk,4.0
1732,penat,4.0
5715,penat,-4.0
1733,pendam,4.0
5719,pendam,-5.0
5720,pendek,-3.0
1734,pendek,1.0
1737,pengaruh,3.0
5727,pengaruh,-4.0
5745,perang,-3.0
1742,perang,3.0
5787,pikir,-3.0
1786,pikir,1.0
5792,pilih,-2.0
1787,pilih,5.0
1788,pilin,3.0
5794,pilin,-5.0
1790,pindah,1.0
5799,pindah,-3.0
5816,pokok,-3.0
1803,pokok,3.0
5852,pukul,-3.5
1864,pukul,1.0
5869,pusing,-4.0
1877,pusing,4.0
5894,radikal,-4.0
1889,radikal,3.0
1892,ragam,4.0
5896,ragam,-4.0
1904,ramal,3.0
5908,ramal,-2.0
1911,rang,3.0
5924,rang,-3.0
5933,rangsang,-3.5
1913,rangsang,3.0
5938,rapat,-3.0
1917,rapat,1.0
5950,rasuk,-5.0
1921,rasuk,2.0
5957,rawat,-3.0
1927,rawat,3.0
5965,rebah,-3.0
1934,rebah,2.0
1935,rebut,1.0
5969,rebut,-3.0
5972,recok,-4.0
1936,recok,4.0
5976,refleksi,-3.0
1939,refleksi,3.0
1950,rela,5.0
5983,rela,-2.0
6003,renung,-3.0
1963,renung,3.0
1977,ria,3.5
6026,ria,-4.0
6030,ribut,-5.0
1981,ribut,4.0
6035,rindu,-2.0
1988,rindu,2.0
6089,rukun,-3.0
2003,rukun,3.0
2007,runcing,4.0
6095,runcing,-4.0
2009,rupa,3.6666666666666665
6102,rupa,-3.0
2011,rusak,3.0
6105,rusak,-4.0
6107,rusuh,-4.5
2012,rusuh,1.0
2015,sadar,2.3333333333333335
6120,sadar,-3.0
2017,sagang,4.0
6128,sagang,-3.0
6148,sama,-3.0
2034,sama,2.75
2037,sambat,4.5
6153,sambat,-3.0
2043,sandar,3.5
6164,sandar,-4.0
2045,sangga,4.0
6168,sangga,-3.0
2046,sanggama,5.0
6170,sanggama,-2.0
6172,sanggup,-5.0
2047,sanggup,2.0
6177,sangkut,-3.0
2050,sangkut,1.6666666666666667
6198,satu,-2.6666666666666665
2067,satu,3.0
2074,sayap,4.0
6202,sayap,-4.0
2083,sedia,2.1666666666666665
6218,sedia,-3.0
2095,sekar,5.0
6232,sekar,-4.0
2098,sekongkol,4.0
6236,sekongkol,-4.0
6259,selidik,-5.0
2107,selidik,2.0
6267,seloroh,-4.0
2108,seloroh,3.0
6269,seluk,-3.0
2109,seluk,3.0
2111,semangat,4.0
6280,semangat,-3.5
2114,semayam,4.0
6285,semayam,-3.0
2115,sembah,4.0
6286,sembah,-2.0
6292,sembul,-3.0
2120,sembul,1.0
6293,sembunyi,-3.0
2121,sembunyi,5.0
6295,sembur,-4.0
2122,sembur,1.0
6318,sengat,-4.0
2136,sengat,5.0
6325,senjang,-4.0
2138,senjang,1.0
2142,sentuh,1.0
6335,sentuh,-3.1666666666666665
2143,senyap,1.0
6339,senyap,-4.0
6343,sepele,-4.0
2149,sepele,4.0
2152,serah,2.0
6351,serah,-3.5
6366,serikat,-3.0
2161,serikat,3.0
6370,serobot,-4.0
2165,serobot,3.0
6377,sesal,-5.0
2171,sesal,1.0
2173,setia,3.0
6387,setia,-4.0
6401,siapa,-2.0
2182,siapa,1.0
2183,sibuk,4.0
6406,sibuk,-2.5
2188,sila,1.3333333333333333
6417,sila,-3.0
6427,simpan,-3.0
2197,simpan,3.0
6431,sinar,-3.0
2207,sinar,4.0
2209,singgung,1.0
6435,singgung,-4.0
6436,singkap,-3.6666666666666665
2210,singkap,3.0
2220,sirap hati,1.0
6445,sirap hati,-2.0
2240,solek,3.0
6474,solek,-4.0
2243,sorong,4.0
6486,sorong,-3.0
2276,suap,2.0
6503,suap,-3.0
2285,suci,4.0
6507,suci,-1.0
2293,sukar,4.0
6511,sukar,-4.0
6513,sukat,-5.0
2296,sukat,3.0
6523,sumpah,-5.0
2301,sumpah,3.0
2305,sungguh,4.0
6535,sungguh,-3.0
6543,suntuk,-4.0
2307,suntuk,5.0
2308,sunyi,1.0
6545,sunyi,-3.0
2318,susah,4.0
6556,susah,-4.0
2319,susah hati,3.0
6557,susah hati,-5.0
2322,susut,1.0
6565,susut,-2.0
2337,tahan,2.25
6585,tahan,-3.5
6588,tahu,-5.0
2340,tahu,4.0
2348,takar,3.0
6598,takar,-5.0
6600,takjub,-1.0
2349,takjub,3.5
6604,takut,-4.0
2352,takut,1.0
6611,tambah,-5.0
2360,tambah,3.25
2362,tampak,1.0
6617,tampak,-4.0
2364,tanda,4.0
6627,tanda,-2.5
2367,tandang,1.0
6628,tandang,-4.0
6629,tanduk,-2.0
2371,tanduk,3.0
6635,tangguh,-3.0
2374,tangguh,4.0
2375,tanggulang,2.0
6637,tanggulang,-5.0
6640,tangkal,-4.0
2376,tangkal,4.0
2377,tangkap,3.0
6641,tangkap,-3.0
2379,tangkis,3.0
6644,tangkis,-3.0
2384,tapa,2.0
6647,tapa,-3.0
2385,tara,2.0
6651,tara,-3.0
6655,taruh,-3.0
2391,taruh,3.5
6659,tata,-2.5
2395,tata,3.0
2399,taut,2.0
6665,taut,-4.0
6673,tebar,-4.0
2408,tebar,3.0
2411,tegang,4.0
6681,tegang,-4.0
2412,tegap,3.0
6682,tegap,-3.0
2417,teguk,2.0
6684,teguk,-3.0
6688,tekan,-3.0
2422,tekan,1.0
6689,tekan mental,-4.0
2424,tekan mental,4.0
6706,telinga merah,-3.0
2430,telinga merah,4.0
2443,tenang,4.5
6726,tenang,-4.0
2444,tengah,2.0
6730,tengah,-3.6666666666666665
6735,tenggang,-3.0
2445,tenggang,2.0
2465,terima,2.25
6757,terima,-3.0
2470,terjun,1.0
6761,terjun,-5.0
2479,tertib,3.5
6774,tertib,-2.0
6776,tetap,-5.0
2482,tetap,3.0
2484,tewas,1.0
6783,tewas,-3.0
6784,tiada,-3.0
2487,tiada,1.0
6786,tidur,-3.0
2491,tidur,3.0
6799,timbal,-2.5
2495,timbal,4.0
2498,tindak,3.0
6806,tindak,-4.0
2499,tinggal,3.0
6812,tinggal,-3.5
2500,tinggi,3.0
6813,tinggi,-2.0
6819,tip,-3.0
2503,tip,4.0
2507,titi,2.0
6824,titi,-3.5
6836,tokok,-3.0
2511,tokok,3.0
2512,tolak,4.0
6837,tolak,-3.4
6843,tongkrong,-3.0
2515,tongkrong,1.0
2531,tuah,1.0
6863,tuah,-3.0
6876,tuju,-3.5
2533,tuju,3.5
6886,tumbang,-3.0
2544,tumbang,1.0
6890,tumbuk,-3.6666666666666665
2545,tumbuk,4.0
2550,tumpuk,4.0
6897,tumpuk,-3.5
6904,tunduk,-4.0
2555,tunduk,2.0
6906,tunggak,-4.0
2556,tunggak,3.0
6909,tunggu,-2.6666666666666665
2557,tunggu,2.0
2560,tunjang,3.0
6912,tunjang,-3.3333333333333335
6915,tuntun,-3.0
2562,tuntun,3.0
6919,turun,-4.333333333333333
2564,turun,1.3333333333333333
6920,turut,-3.0
2565,turut,4.0
6923,tutur,-3.0
2568,tutur,3.0
6937,ucap,-2.0
2572,ucap,3.0
6948,uji,-5.0
2575,uji,1.0
6962,umum,-3.0
2584,umum,2.0
2585,umur,4.0
6963,umur,-2.0
6967,ungkap,-3.5
2590,ungkap,3.0
6985,usai,-2.0
2600,usai,3.0
6989,usil,-3.0
2602,usil,4.0
7016,warna,-3.0
2633,warna,4.0
2652,wujud,2.0
7028,wujud,-3.0
