,clean_word
0, allah
1, dadu
2, gerimis
3, segan
4, tuan
5,aamiin
6,ab
7,aba
8,abadi
9,abah
10,abai
11,abi
12,abid
13,abis
14,absorpsi
15,absurd
16,abu
17,acau
18,acuh tak acuh
19,adab
20,adakala
21,adaptasi
22,adek
23,adi
24,adika
25,adil
26,adiluhung
27,administrator
28,aduh
29,aduhai
30,adun
31,adzan
32,afair
33,afdal
34,afeksi
35,afiliasi
36,afirmasi
37,agam
38,ahad
39,ahli
40,ahli agama
41,aib
42,aja
43,ajak
44,ajal
45,ajar
46,aji
47,ajojing
48,ajudan
49,akal
50,akar
51,akas
52,akhlak
53,akibat
54,akidah
55,akil
56,akomodasi
57,akrab
58,akses
59,aksi
60,aktif
61,aktivasi
62,aktual
63,aku
64,akuan
65,alaikum
66,alam
67,alami
68,alamiah
69,alangkah
70,alas
71,album
72,alem
73,alhamdulilah
74,alhamdulillah
75,aliansi
76,alih generasi
77,alim
78,alim arif
79,alir darah
80,allah
81,alot
82,alun
83,amal
84,amanah
85,ambil
86,ambil contoh
87,ambil ibarat
88,ambisi
89,amerta
90,amin
91,amor
92,ampas
93,amplop
94,ampuh
95,ampun
96,amuk
97,ana
98,anak
99,anak adam
100,anak didik
101,anak sasian
102,anak sekolah
103,analisis
104,andai
105,andal
106,andil
107,andini
108,andur
109,aneh
110,aneka
111,anekdot
112,angan
113,anganangan
114,anggap
115,anggar
116,angguk
117,angkat
118,angkut
119,angpau
120,angsur
121,animo
122,anjir
123,anjung
124,ansar
125,anteng
126,antipati
127,antisipasi
128,antologi
129,antusias
130,antusiasme
131,anugerah
132,anut
133,anyar
134,apas
135,apatis
136,api
137,apit
138,arabika
139,arah
140,arak
141,aras
142,arif
143,arketipe
144,arsitektur
145,arti
146,artifisial
147,artis
148,artistik
149,arung
150,asa
151,asah asih asuh
152,asasi
153,asih
154,asik
155,asket
156,asli
157,asmara
158,asoi
159,asosiasi
160,asrama
161,asri
162,assalamualaikum
163,astaga
164,astagfirullah
165,asuh
166,atas
167,atensi
168,atom
169,atraktif
170,atur
171,autentik
172,awak
173,awal
174,awas
175,awat
176,awet
177,aya
178,ayahanda
179,ayo
180,ayun
181,azamat
182,azimat
183,aziz
184,babar
185,babe
186,baby
187,baca
188,bacot
189,bagai
190,bagai macam
191,bagak
192,bagas
193,baginda
194,bagus
195,bahadur
196,bahaduri
197,bahagia
198,bahas
199,baik
200,baikbaik
201,bain
202,bajik
203,bajing
204,baju
205,bakar
206,bakat
207,bakh
208,bakir
209,baksis
210,bakti
211,baku
212,balas
213,balik akal
214,banding
215,bandung
216,bangan
217,banget
218,bangga
219,bangkit
220,bangkit selera
221,bangsawan
222,bangun
223,banjir
224,bantahbantah
225,bantal
226,banting
227,bantu
228,bantuin
229,banyak
230,banyak akal
231,banyol
232,bapa
233,bapanda
234,bapang
235,baper
236,bara
237,bareng
238,baring
239,baru
240,batas
241,batu
242,bau tanah
243,bausuku
244,bawa
245,bayan
246,bayang
247,bayangbayang
248,bayangkara
249,bayar
250,beber
251,bebodoran
252,becus
253,bedah
254,bedegap
255,bekal
256,bekas
257,belagu
258,belanja
259,belas
260,belenggu
261,beli
262,belok
263,belukar
264,benak
265,benak kepala
266,benang
267,benang raja
268,benar
269,benarbenar
270,benci
271,bener
272,beneran
273,bentang
274,bentrok
275,bentuk
276,bentur
277,berahi
278,beranakpinak
279,beranda
280,bergas
281,berhatihati
282,beri
283,beril
284,berjagajaga
285,berjenisjenis
286,berkah
287,berkat
288,berkobarkobar
289,bermacammacam
290,bernas
291,bersikukuh
292,bersitegang
293,bersiteguh
294,bersungguhsungguh
295,bertanyatanya
296,besar
297,besar akal
298,besar hati
299,besar lengan
300,besarbesaran
301,bestari
302,betapa
303,better
304,betul
305,biadab
306,biang keladi
307,bianglala
308,biar
309,biasa
310,bidas
311,biduanda
312,bijak
313,bijaksana
314,bijih
315,bikin
316,bilas
317,bilhak
318,bimbing
319,bimbit
320,binasa
321,bincang
322,bineka
323,binen
324,bingkas
325,bingkis
326,birthday
327,bisik
328,bismillah
329,bisnis
330,bisu
331,bobot
332,bom
333,bombastis
334,bonafide
335,bonus
336,bonyok
337,booking
338,bopong
339,borong
340,bos
341,buah
342,buai
343,buat
344,bubuh
345,budak
346,budi pekerti  baik
347,budiman
348,bugar
349,bujang
350,buka
351,buka mata
352,bukan main
353,bukti
354,bulang
355,bulat kata
356,bumbu
357,bumbung
358,bunda
359,bunga
360,bungkam
361,bungkus
362,buntut
363,bunyi
364,buru
365,buruburu
366,busana
367,butuh
368,buyung
369,cadang
370,cahaya
371,cakap
372,cakep
373,campur
374,candang
375,candrasa
376,candu
377,cantik
378,cantrik
379,cantum
380,capai
381,capek
382,caplok
383,care
384,cari akal
385,cari ilmu
386,cari jalan
387,cash
388,cat
389,catat
390,catu
391,cawis
392,cebak
393,cebik
394,cedayam
395,cedera
396,cedok
397,cegah
398,cegak
399,cegar
400,cekat
401,cekel
402,celengan
403,cemas
404,cemerlang
405,cempiang
406,cemplung
407,cenangkas
408,cendekia
409,cendera
410,cendera mata
411,cengang
412,cengkau
413,cengkeram
414,centil
415,cepat
416,cepet
417,cerap
418,cercah
419,cerdik
420,ceri
421,ceria
422,cerita
423,cerita anak
424,cermin
425,cerna
426,challenge
427,chat
428,check
429,cicip
430,cindur mata
431,cinta
432,cinta kasih
433,cintrong
434,cipta
435,cita rasa
436,citra
437,cium
438,cium telapak kaki
439,ciyeee
440,coba
441,cocok
442,coffee
443,cokol
444,colok
445,comel
446,congrats
447,contoh
448,cool
449,copot
450,coret
451,couple
452,cover
453,cuat
454,cublik
455,cucu adam
456,cuek
457,cukup
458,cumacuma
459,cumil
460,curhat
461,curiga
462,cute
463,cuti
464,dadak
465,daftar
466,dagang
467,dagel
468,dahsyat
469,daif
470,daim
471,dakaik
472,dakwa
473,dalang
474,damar
475,damba
476,damping
477,dana
478,dandan
479,dangkal
480,dansa
481,dapet
482,darah
483,darat
484,darurat
485,data
486,datar
487,dateng
488,daulat
489,daya
490,daya 
491,daya cipta
492,daya gabung
493,daya pikir
494,daya tahan
495,daya upaya
496,dear
497,debar
498,debat
499,debuk
500,dede
501,dedengkot
502,deduksi
503,defensif
504,definisi
505,definit
506,degap
507,degub
508,dekat
509,deket
510,dekorasi
511,delusi
512,demen
513,denda
514,dendam berahi
515,dendang
516,dengar
517,dengar 
518,dengerin
519,dengung
520,denyut
521,dependen
522,deposito
523,derai
524,derajat
525,deras
526,derau
527,deres
528,derma
529,desa
530,desain
531,desak
532,detail
533,deteksi
534,determinasi
535,dewana
536,dewasa
537,dialog
538,diam
539,diamond
540,dicuekin
541,didik
542,diem
543,digdaya
544,dikara
545,dikte
546,dinamika
547,dingin
548,direktur
549,disiplin
550,diskaun
551,diskon
552,dispensasi
553,distingtif
554,distribusi
555,diva
556,doa
557,doain
558,doang
559,dobrak
560,dodor
561,dogmatis
562,dok
563,doktrin
564,dol
565,dominan
566,dominasi
567,donatur
568,dongeng
569,donor
570,doyan
571,drama ria
572,drastis
573,drum
574,duga
575,duit
576,duka
577,dukung
578,duli
579,duluan
580,dunia
581,dusin
582,dzuhur
583,eaa
584,eco
585,edar
586,efek
587,efektif
588,efisien
589,eja
590,eka
591,ekonomis
592,eksemplar
593,eksklusif
594,eksplisit
595,eksplorasi
596,ekspres
597,ekstensif
598,ekstra
599,ekstremis
600,elegan
601,elektromotif
602,elite
603,elok
604,elu
605,embelembel
606,emir
607,emong
608,emosi
609,empuk
610,enak
611,endus
612,endutendut
613,eneng
614,energi
615,energik
616,engah
617,enjoy
618,enteng
619,entitas
620,erang
621,erti
622,esa
623,esai
624,esok
625,estetik
626,estetis
627,eviden
628,faal
629,fadil
630,faedah
631,fair
632,faktitius
633,faktual
634,familiar
635,fanbase
636,fans
637,fantasi
638,fantasy
639,fasilitas
640,fatamorgana
641,fatanah
642,fav
643,favorite
644,federasi
645,fertil
646,fiesta
647,figur
648,fiksi
649,filantropi
650,filial
651,filsafat
652,final
653,fine
654,firasat
655,fit
656,fitrah
657,fokus
658,follback
659,fondasi
660,formal
661,formasi
662,forum
663,foto
664,free
665,friends
666,fulanah
667,fusi
668,gabung
669,gagah
670,gairah
671,gajak
672,gali
673,gali ilmu
674,gamat
675,gambar
676,gambir
677,gamblang
678,game
679,gampang
680,ganduh
681,ganggu
682,gangsar
683,gani
684,ganjar
685,ganjar balas
686,ganjil
687,ganteng
688,ganti
689,gantung
690,ganyang
691,gapah
692,gapai
693,garda
694,gari
695,garing
696,garis besar
697,gatra
698,gebyar
699,gede
700,gedembal
701,gegap
702,geger
703,gejolak
704,gelagat
705,gelak
706,gelanggang
707,gelar
708,gelebah
709,gelegak
710,geleser
711,gelesot
712,gelincir
713,gelora
714,gema
715,gemar
716,gemas
717,gembira
718,gembur
719,gembur lambuk
720,gemi
721,geming
722,gemirang
723,gempa
724,gempa bumi
725,gempar
726,gempita
727,genah
728,gending
729,gengsi
730,genial
731,genit
732,genius
733,gentar
734,gentas
735,gepok
736,gera
737,gerak gerik
738,gerak hati
739,gerak laku
740,gerakgerik
741,gerecok
742,gerha
743,gerimis
744,gesek
745,geser
746,getar
747,getas
748,getol
749,giat
750,gigi
751,gigil
752,gila
753,gilagilaan
754,gilir
755,girang
756,girang ceria
757,girang lega
758,girik
759,girikgirik
760,gita
761,globe
762,gobek
763,goda
764,gol
765,golong
766,golong atas
767,gombal
768,gombrang
769,gombroh
770,gombrong
771,gontai
772,good
773,goreng
774,gores
775,grahita
776,gratifikasi
777,gratis
778,great
779,gres
780,guar
781,gubah
782,gubris
783,gudi
784,gugah
785,gugur
786,guntangguntang
787,gurih
788,guru
789,gurufavorit
790,guruh
791,gusar
792,gusti
793,gutuk
794,guys
795,gws
796,habis
797,habituasi
798,hadiah
799,hadir
800,hai
801,hajat
802,hakimah
803,halang
804,hallo
805,halo
806,haloo
807,hamba allah
808,hampar
809,handai
810,hangat
811,hantu
812,happy
813,harap
814,harga
815,harga diri
816,harkat
817,harmonis
818,harmonisasi
819,harmonisasiuniv
820,harta
821,harum
822,hasad
823,hasan
824,hasil
825,hasrat
826,hastag
827,hati
828,hatihati
829,hay
830,hayat
831,hayo
832,heban
833,heboh
834,hebring
835,hello
836,helloo
837,hellooo
838,help
839,hemat
840,hendak
841,heran
842,herbal
843,hi
844,hias
845,hibah
846,hidang
847,hidup
848,hii
849,hiii
850,hijau
851,hikayat
852,hikmah
853,hikmat
854,hilang
855,hilir
856,himpit
857,himpun
858,hina
859,hingar
860,hipotetis
861,hiruk
862,hirukpikuk
863,hitung
864,hoki
865,homogen
866,hormat
867,hostel
868,hotel
869,hubung
870,hujan
871,hujan gerimis
872,hujan ringan
873,hukum
874,hulubalang
875,huni
876,hutan
877,hy
878,iba
879,ibadah
880,ibadat
881,ibu
882,ibunda
883,idam
884,ideal
885,idiosinkratis
886,iflix
887,ihsan
888,ijab
889,ijtihad
890,ikat
891,ikat janji
892,ikhlas
893,ikhtiar
894,iktifak
895,iktikad
896,ikut
897,ikut 
898,iler
899,ilmu
900,ilusi
901,imaji
902,imam
903,iman
904,imbal
905,imbang
906,imbas
907,imbuh
908,imitasi
909,imla
910,impi
911,import
912,impulsif
913,imutimut
914,inap
915,inayat
916,indah
917,indah ambang
918,indikasi
919,individual
920,infak
921,inferensi
922,infinit
923,informasi
924,ingat
925,ingatingat
926,inisiator
927,inklusif
928,inkorporasi
929,inovasi
930,insaf
931,insentif
932,insiden
933,insinye
934,instingtif
935,insyaallah
936,intan
937,integrasi
938,intelektual
939,inteligen
940,intensi
941,intensif
942,interaksi
943,interes
944,interferensi
945,interpretasi
946,interupsi
947,intim
948,intrik
949,intuitif
950,inventif
951,inventivitas
952,invitasi
953,invite
954,irama
955,irit
956,iritasi
957,isbat
958,isi
959,isi perut
960,islam
961,istirahat
962,itifak
963,itihad
964,izin
965,jabar
966,jadah
967,jadi
968,jaga
969,jagajaga
970,jago
971,jahil
972,jajah
973,jajak
974,jala
975,jalan
976,jalan bebas hambat
977,jalan buka
978,jalan keluar
979,jalan tengah
980,jalanin
981,jali
982,jamhur
983,jamiah
984,jamik
985,jamil
986,jamin
987,jangka
988,jantan
989,jarak
990,jaring
991,jasa
992,jaswadi
993,jatah
994,jatuh
995,jawab
996,jawara
997,jaya
998,jebak
999,jeblos
1000,jejal
1001,jelajah
1002,jelak
1003,jelang
1004,jelas
1005,jeli
1006,jempol
1007,jenak
1008,jenang
1009,jentelmen
1010,jeraus
1011,jernih
1012,jernih suasana
1013,jiawang
1014,jibilah
1015,jidur
1016,jigrah
1017,jihad
1018,jilbab
1019,jiwa
1020,jodoh
1021,join
1022,joli
1023,jomblo
1024,jreng
1025,juakjuak
1026,jual
1027,juang
1028,judul
1029,jujur
1030,julat
1031,jumat
1032,jumpa muka
1033,jungkal
1034,junjung
1035,juru
1036,juta
1037,kabar
1038,kabung
1039,kaca
1040,kaci
1041,kadang
1042,kadangkadang
1043,kadar
1044,kado
1045,kaget
1046,kagum
1047,kaisar
1048,kait
1049,kaji
1050,kakap
1051,kakek
1052,kaki tangan
1053,kalap
1054,kalem
1055,kalis
1056,kalong
1057,kam
1058,kamil
1059,kampanye
1060,kandis
1061,kandung
1062,kangen
1063,kanjang
1064,kanjeng sultan
1065,kantong
1066,kapabilitas
1067,kapasitas
1068,karib
1069,karimah
1070,karsa
1071,karunia
1072,karya
1073,karyawan
1074,kasad
1075,kasatmata
1076,kasih
1077,kasih sayang
1078,kasihan
1079,kasual
1080,kata
1081,kategori
1082,kawak
1083,kawal
1084,kaya
1085,kebaji
1086,kecam
1087,kecambah
1088,kece
1089,kecil
1090,kecong
1091,kedai susu
1092,kedodoran
1093,kedot
1094,keduduk
1095,keikutsertaan
1096,kejut
1097,kekal
1098,keki
1099,kelar
1100,kelelawar
1101,kelih
1102,kelilip
1103,keliru
1104,kelos
1105,keluang
1106,keluar
1107,keluar darah
1108,keluarga
1109,kemas
1110,kembang
1111,kembangkempis
1112,kempuh
1113,kemudi
1114,ken
1115,kena
1116,kenal
1117,kenan
1118,kenang
1119,kenangkenangan
1120,kencan
1121,kencang
1122,kenduri
1123,kenek
1124,kentara
1125,kenyam
1126,kenyang
1127,kepleset
1128,kepo
1129,kerabat
1130,keras hati
1131,keras tulang
1132,kerasan
1133,keri
1134,kerja
1135,kerja keras
1136,kerja sama
1137,kerjasama
1138,keroyok
1139,kerubung
1140,kes
1141,kesah
1142,kesal
1143,kesan
1144,kesatria
1145,kesima
1146,kesohor
1147,kesuma
1148,ketapak
1149,ketawa
1150,ketemu
1151,ketuk
1152,khalas
1153,khalis
1154,khas
1155,khasiat
1156,khawatir
1157,khayal
1158,khuluk
1159,khusus
1160,khusyuk
1161,kias
1162,kiat
1163,kicau
1164,kicu
1165,kikir
1166,kilan
1167,kilat
1168,kimah
1169,kincang
1170,kincung
1171,kini
1172,kinte
1173,kipas
1174,kiprah
1175,kipu
1176,kira
1177,kirim
1178,kisas
1179,kismat
1180,kitab
1181,kits
1182,klasik
1183,klien
1184,kliyengan
1185,kodrat
1186,kohesi
1187,koleksi
1188,komedi
1189,komisi
1190,kompetensi
1191,komplemen
1192,komplet
1193,komplot
1194,komunikasi
1195,komunitas
1196,konco
1197,kondang
1198,koneksi
1199,konferensi
1200,konfirmasi
1201,konformitas
1202,konklusi
1203,konkret
1204,konon
1205,konsensus
1206,konseptual
1207,konsolidasi
1208,konspirasi
1209,konstelasi
1210,konstruktif
1211,konsultasi
1212,kontak
1213,kontan
1214,kontemporer
1215,kontributor
1216,kooperasi
1217,koordinasi
1218,koordinator
1219,korek
1220,kosen
1221,kreasi
1222,kreatif
1223,kreativitas
1224,kredibel
1225,krim
1226,kroni
1227,kuala
1228,kualifikasi
1229,kualitas
1230,kuasa
1231,kuat
1232,kuat batin
1233,kuat duga
1234,kubra
1235,kucil
1236,kucup
1237,kucur
1238,kudus
1239,kujarat
1240,kukuh
1241,kuliah
1242,kumai
1243,kumbang
1244,kumpul
1245,kunci
1246,kundang
1247,kunjung
1248,kuntit
1249,kunyah
1250,kupon
1251,kusa
1252,kusuma
1253,kuy
1254,laba
1255,labiovelar
1256,labuh
1257,laden
1258,lafal
1259,lagak
1260,lagu
1261,lahir
1262,lajnah
1263,laju
1264,lakeri
1265,lakon
1266,lalu
1267,lam
1268,lambat
1269,lambuk
1270,lambung
1271,lampas
1272,lampu
1273,lancar
1274,lancung
1275,langgam
1276,langgan
1277,langgeng
1278,langkah
1279,langkah baik
1280,langkah kanan
1281,langlang
1282,langsung
1283,lanjur
1284,lanjut
1285,lantik
1286,lantip
1287,lantun
1288,lanyak
1289,lapang
1290,lapis
1291,lapor
1292,laras
1293,lari
1294,larut
1295,latih
1296,latih diri
1297,laun
1298,lawan
1299,lawas
1300,layak
1301,layan
1302,lebai
1303,lebar
1304,lebih
1305,lebihlebih
1306,lebuk
1307,lebun
1308,lebur
1309,leceh
1310,ledos
1311,legawa
1312,legit
1313,lekas
1314,lektur
1315,lelah
1316,lelang
1317,lelap
1318,leleh
1319,lemah
1320,lemas
1321,lembek
1322,lembik
1323,lembuk
1324,lendeh
1325,lenggang
1326,lengkap
1327,lentera
1328,lepas
1329,lepek
1330,lesap
1331,lestari
1332,letak
1333,letih
1334,level
1335,lewat
1336,lezat
1337,liat
1338,libat
1339,libur
1340,licin
1341,lihai
1342,lihat
1343,lila
1344,lilit
1345,limbuk
1346,limpah
1347,lincah
1348,lindu
1349,lindung
1350,lingkung
1351,lingsir
1352,lini
1353,lintang
1354,lintas
1355,linu
1356,linuhung
1357,lipur
1358,liput
1359,lisan
1360,live
1361,lolos
1362,lompong
1363,longgar
1364,longo
1365,lontar
1366,lorot
1367,losmen
1368,lotre
1369,love
1370,lovers
1371,luang
1372,luar biasa
1373,luas
1374,luck
1375,lucu
1376,lugas
1377,lugu
1378,luk
1379,lukis
1380,luluh
1381,lulus
1382,lumayan
1383,lunak
1384,lunas kapal
1385,lunch
1386,luncur
1387,luntur
1388,lupa
1389,lupain
1390,luruh
1391,lurus
1392,lurus hati
1393,maaf
1394,mabrur
1395,maen
1396,mafhum
1397,maha
1398,mahabah
1399,mahal
1400,mahdi
1401,mahfum
1402,mahir
1403,maimun
1404,main
1405,majenun
1406,majubersama
1407,makan
1408,makasih
1409,makbul
1410,makhluk
1411,makin
1412,maklum
1413,maklumat
1414,makmur
1415,makna
1416,makruf
1417,maksimal
1418,maksud
1419,malayari
1420,malim
1421,malu
1422,mama
1423,mamak
1424,mampir
1425,mampu
1426,mancing
1427,mandraguna
1428,manfaat
1429,manggala
1430,mangkak
1431,manila
1432,manis
1433,manja
1434,manjur
1435,mantap
1436,manusia
1437,mapan
1438,margrit
1439,martabat
1440,martil
1441,masa kini
1442,masak
1443,masakan
1444,masif
1445,masjid
1446,maskapai
1447,maslahat
1448,masygul
1449,masyhur
1450,mata cahari
1451,mata gawai
1452,matahari
1453,mati
1454,mau
1455,maujud
1456,maut
1457,medali
1458,medium
1459,megah
1460,mekar
1461,melek
1462,memang
1463,memejahijaukan
1464,memujimuji
1465,menang
1466,mending
1467,mengangkatangkat
1468,mengingatingat
1469,menginterprestasikan
1470,mengirangira
1471,mengirat
1472,meni
1473,menjadijadi
1474,mentab
1475,menung
1476,menyanjungsanjung
1477,merah
1478,merah jambu
1479,merah muda
1480,merah telinga
1481,merdu
1482,meremasremas
1483,merespon
1484,merger
1485,meri
1486,mesem
1487,mesra
1488,metah
1489,mikat
1490,mikir
1491,mikroanalisis
1492,milik
1493,mimpi
1494,minat
1495,minta
1496,minta  tuhan
1497,mirip
1498,misbah
1499,mitra
1500,mksh
1501,mobil
1502,moblong
1503,modal
1504,model
1505,modern
1506,modifikasi
1507,moga
1508,mogamoga
1509,mohon
1510,mohon diri
1511,mojang
1512,mola
1513,momentum
1514,monggo
1515,monopoli
1516,montok
1517,mood
1518,moral
1519,moratorium
1520,motel
1521,motivasi
1522,muai
1523,muara
1524,muas
1525,mudah
1526,mudahmudahan
1527,mufaham
1528,mufakat
1529,muhibah
1530,mujarab
1531,muji
1532,mujur
1533,muka
1534,mukhlis
1535,mukibat
1536,mukim
1537,muktabar
1538,muktamar
1539,mula
1540,mulai
1541,mulia
1542,mullah
1543,mulu
1544,mulus
1545,mulut sungai
1546,mumpung
1547,muncul
1548,mungil
1549,murah
1550,murid
1551,musara
1552,music
1553,musik
1554,muslim
1555,mustahil
1556,mustaid
1557,mustajab
1558,mustakim
1559,musyawarah
1560,mutakhir
1561,mutu
1562,muwafakat
1563,nabi
1564,nada
1565,nafkah
1566,nafsu
1567,naik
1568,naik  pelamin
1569,naik daun
1570,naik pelamin
1571,nali
1572,nama
1573,napas
1574,nasabah
1575,nasi
1576,natal
1577,natur
1578,natural
1579,neces
1580,necis
1581,negosiasi
1582,nekat
1583,nemenin
1584,neng
1585,nestapa
1586,ngajak
1587,ngaku
1588,ngalah
1589,ngasih
1590,ngelupain
1591,ngerasain
1592,ngerti
1593,ngobrol
1594,ngopi
1595,ngurusin
1596,nian
1597,nice
1598,nikah
1599,nikmat
1600,nila
1601,nilai
1602,nirmala
1603,nista
1604,nomine
1605,normal
1606,novel
1607,nuftah
1608,nunggu
1609,nungguin
1610,nuri
1611,nyala
1612,nyali
1613,nyali besar
1614,nyaman
1615,nyamleng
1616,nyana
1617,nyanyi
1618,nyata
1619,objektif
1620,obsesi
1621,okay
1622,oke
1623,okeey
1624,oles
1625,omong kosong
1626,only
1627,operasi
1628,oportunitas
1629,orak senyum
1630,orang islam
1631,orde
1632,ordo
1633,organisasi
1634,orientasi
1635,orisinal
1636,ornamen
1637,otak
1638,otak encer
1639,otak tajam
1640,otentik
1641,otomatis
1642,otot
1643,ovum
1644,pacangan
1645,pacar
1646,padu
1647,paduka
1648,paduka tuan
1649,page
1650,pagi
1651,pagon
1652,pahala
1653,paham
1654,paheman
1655,pajang
1656,pakai
1657,pakat
1658,paket
1659,pamit
1660,pamor
1661,pamrih
1662,panas
1663,panas kuku
1664,pancaroba
1665,pancur
1666,pandai
1667,pandai bicara
1668,pandang
1669,pandu
1670,pangeran
1671,panggul
1672,pangkat
1673,panglima
1674,pangus
1675,panil
1676,panitia
1677,panjang
1678,panjang tungkai
1679,panjat doa
1680,panorama
1681,pantai
1682,pantar
1683,pantas
1684,pantas mulut
1685,pantat
1686,pantau
1687,pantes
1688,panti
1689,pantul
1690,papar
1691,parade
1692,paradigma
1693,paramarta
1694,parapara
1695,paripurna
1696,parkir
1697,parsel
1698,partisipasi
1699,pas
1700,pasang
1701,pasang hidup
1702,pasar uang
1703,pasif
1704,pasrah
1705,pasuk
1706,pati
1707,patok
1708,patroli
1709,patuh
1710,patut
1711,paut
1712,paya
1713,payu
1714,pedoman
1715,peduli
1716,pegah
1717,pegang
1718,pegang kitab
1719,pegawai
1720,pejatian
1721,peka
1722,pelamin
1723,pelancar
1724,pelangi
1725,pelesir
1726,pelihara
1727,pelit
1728,pelita
1729,peluk
1730,pelupuk mata
1731,pemair
1732,pemuda
1733,penat
1734,pendam
1735,pendek
1736,pendekar
1737,pengalasan
1738,pengaruh
1739,penting
1740,perai
1741,perak
1742,peran 
1743,perang
1744,perata
1745,percaya
1746,percaya diri
1747,percuma
1748,perdeo
1749,pere
1750,perempuan cantik
1751,perfek
1752,pergi
1753,perhati
1754,peri
1755,peria
1756,perian
1757,perilaku
1758,perinci
1759,peringkat
1760,peristiwa
1761,perjuangin
1762,perkasa
1763,perkolasi
1764,perlu
1765,perlup
1766,permadani
1767,permanen
1768,permata
1769,pernik
1770,persen
1771,perseptif
1772,personalitas
1773,pertahanin
1774,pertiwi
1775,perut
1776,perwira
1777,pesam
1778,pesan
1779,pesanggrahan
1780,pesat
1781,pesona
1782,pesta
1783,pestaka
1784,petah lidah
1785,petes
1786,piawai
1787,pikir
1788,pilih
1789,pilin
1790,pinda
1791,pindah
1792,pinggul
1793,pingin
1794,pinisepuh
1795,pinky
1796,pintar
1797,pintas
1798,pinter
1799,pionir
1800,piuh
1801,plong
1802,plus
1803,poin
1804,pokok
1805,pokta
1806,pola
1807,polemik
1808,pop
1809,populer
1810,porsi
1811,portofolio
1812,pose
1813,positif
1814,potensi
1815,prabu
1816,prajurit
1817,prakarsa
1818,prakira
1819,praktis
1820,prasangka
1821,prasarana
1822,prasetia
1823,prawira
1824,prayojana
1825,prediksi
1826,preferensi
1827,prei
1828,preinan
1829,premium
1830,preseden
1831,presiden
1832,preventif
1833,prigel
1834,prihatin
1835,prima
1836,primadona
1837,primbon
1838,primitif
1839,probabilitas
1840,prodeo
1841,produk
1842,produktif
1843,profit
1844,profitabel
1845,prominen
1846,promo
1847,promosi
1848,promote
1849,prosa
1850,proses
1851,prospek
1852,protektor
1853,proud
1854,provokasi
1855,proyeksi
1856,pseudonim
1857,puadai
1858,puas
1859,publikasi
1860,pudar
1861,puja
1862,puji
1863,pukal
1864,pukau
1865,pukul
1866,pulas
1867,pulut
1868,pundi
1869,pundipundi
1870,punia
1871,punya
1872,punya nama
1873,purna
1874,purnama
1875,purusa
1876,pusaka
1877,pusat
1878,pusing
1879,puspa
1880,puspita
1881,pustaka
1882,puterin
1883,putra
1884,putus
1885,putus kata
1886,qadim
1887,queen
1888,quran
1889,raba
1890,radikal
1891,radu
1892,rafi
1893,ragam
1894,rahasia
1895,rahayu
1896,rahim
1897,raih
1898,rais
1899,rajah
1900,rajin
1901,rakit
1902,rama
1903,ramah
1904,ramai
1905,ramal
1906,ramanda
1907,rame
1908,rampuh
1909,rampung
1910,rana
1911,rancak
1912,rang
1913,rangkap
1914,rangsang
1915,rani
1916,ranum
1917,rapal
1918,rapat
1919,rapi
1920,rasai
1921,rasio
1922,rasuk
1923,rata
1924,ratna
1925,ratu
1926,raun
1927,rawa
1928,rawat
1929,rawi
1930,ready
1931,reaksi
1932,reaksioner
1933,real
1934,realistis
1935,rebah
1936,rebut
1937,recok
1938,redam
1939,refleks
1940,refleksi
1941,refresh
1942,regenerasi
1943,rejeki
1944,reka
1945,rekam
1946,rekan
1947,rekognisi
1948,rekonsiliasi
1949,reksa
1950,rektifikasi
1951,rela
1952,relasi
1953,relevansi
1954,religi
1955,religiositas
1956,rembuk
1957,remeh
1958,renang
1959,rencana
1960,rengkuh
1961,renjana
1962,renovasi
1963,rentang
1964,renung
1965,reparasi
1966,reply
1967,reputasi
1968,resam
1969,resap
1970,resep
1971,reseptor
1972,resmi
1973,resolusi
1974,respon
1975,respons
1976,revolusioner
1977,rezeki
1978,ria
1979,riah
1980,riang
1981,rias
1982,ribut
1983,ricuh
1984,rida
1985,riil
1986,rilis
1987,rimba
1988,rinai
1989,rindu
1990,ringan
1991,ringan kepala
1992,ringan tangan
1993,ringan tulang
1994,rintis
1995,riwayat
1996,rizki
1997,roh
1998,rohaniah
1999,romantis
2000,ronda
2001,rontok
2002,rotan
2003,ruji
2004,rukun
2005,rumah
2006,rumah tangga
2007,rumput
2008,runcing
2009,runtut
2010,rupa
2011,rupawan
2012,rusak
2013,rusuh
2014,rute
2015,sabar
2016,sadar
2017,sadu
2018,sagang
2019,sahabat
2020,sahaja
2021,sahut
2022,sains
2023,sajak
2024,saji
2025,sakelek
2026,saksama
2027,saksi
2028,salamat
2029,salambersama
2030,salat
2031,saldo
2032,sali
2033,salim
2034,salin
2035,sama
2036,samad
2037,sambang
2038,sambat
2039,sambung tangan
2040,sambut
2041,sami
2042,samseng
2043,samun
2044,sandar
2045,sangat
2046,sangga
2047,sanggama
2048,sanggup
2049,sangka
2050,sangkil
2051,sangkut
2052,sangkutpaut
2053,sangsi
2054,sani
2055,sanjung
2056,santai
2057,santer
2058,santir
2059,santun
2060,sapih
2061,saran
2062,sarap
2063,sarju
2064,saruk
2065,sastra
2066,satir
2067,satria
2068,satu
2069,sauh
2070,sauk
2071,saur
2072,sawala
2073,say
2074,sayang
2075,sayap
2076,sayid
2077,sebat
2078,sebenernya
2079,sebu
2080,sebut
2081,sedap
2082,sedeng
2083,sederhana
2084,sedia
2085,seemak
2086,segar
2087,segeh
2088,segenap
2089,segera
2090,sehat
2091,seia
2092,sejati
2093,sekah
2094,sekalikali
2095,sekam
2096,sekar
2097,sekata
2098,sekolah
2099,sekongkol
2100,selamat
2101,selaras
2102,selawat
2103,selenggara
2104,selera
2105,selesa
2106,selesai
2107,selfie
2108,selidik
2109,seloroh
2110,seluk
2111,semaksemak
2112,semangat
2113,semara
2114,semarak
2115,semayam
2116,sembah
2117,sembahyang
2118,sembir
2119,semboyan
2120,sembuh
2121,sembul
2122,sembunyi
2123,sembur
2124,semerbak
2125,semi
2126,sempena hati
2127,sempurna
2128,semringah
2129,semu
2130,sen
2131,senandung
2132,senang
2133,sendat
2134,sendel
2135,sendeng
2136,sender
2137,sengat
2138,seni
2139,senjang
2140,sensibel
2141,sensitif
2142,sentosa
2143,sentuh
2144,senyap
2145,senyum
2146,senyumin
2147,sepada
2148,sepakat
2149,sepatu
2150,sepele
2151,sepuh
2152,seragam
2153,serah
2154,serapah
2155,serasi
2156,serbasama
2157,serbaserbi
2158,serempak
2159,serentak
2160,serep
2161,seri
2162,serikat
2163,sering
2164,seringai
2165,sero
2166,serobot
2167,sertamerta
2168,seru
2169,seruh
2170,serunda
2171,servis
2172,sesal
2173,sesuai
2174,setia
2175,setir
2176,sewot
2177,shalat
2178,sharing
2179,shiawase
2180,sholat
2181,show
2182,siap
2183,siapa
2184,sibuk
2185,sidang
2186,sigap
2187,signifikansi
2188,sikap
2189,sila
2190,silah
2191,silang 
2192,silang selisih
2193,silaturahim
2194,silirsemilir
2195,simak
2196,simbok
2197,simetris
2198,simpan
2199,simpat
2200,simpatik
2201,simpatisan
2202,simpel
2203,simple
2204,simpleks
2205,simplistis
2206,simpuh
2207,simpul
2208,sinar
2209,sing
2210,singgung
2211,singkap
2212,single
2213,singsing
2214,sinkron
2215,sinkronisasi
2216,sintal
2217,sintetis
2218,sinuhun
2219,siph
2220,sir
2221,sirap hati
2222,sirna
2223,sirsiran
2224,siswa
2225,siuman
2226,size
2227,sketsa
2228,slow
2229,smartphone
2230,smga
2231,smpai
2232,snapback
2233,sob
2234,sobat
2235,sohib
2236,sohor
2237,sokong
2238,solah
2239,solat
2240,soleha
2241,solek
2242,solo
2243,solusi
2244,sorong
2245,sosial
2246,sosialistis
2247,sosialita
2248,sparing
2249,special
2250,spesial
2251,spesialis
2252,spesialisasi
2253,spesifikasi
2254,sponsor
2255,spontan
2256,sporadis
2257,sportif
2258,sput
2259,sreg
2260,sregep
2261,sri paduka
2262,stabil
2263,stabilitas
2264,stagnan
2265,stamina
2266,standardisasi
2267,statis
2268,statistik
2269,status
2270,stop
2271,streng
2272,struktur
2273,studi
2274,stupa
2275,suai
2276,suamsuam kuku
2277,suap
2278,suara
2279,suara halus
2280,suasana
2281,suasana hati
2282,sublim
2283,substansi
2284,substansial
2285,subur
2286,suci
2287,sudi
2288,sufi
2289,sugesti
2290,suguh
2291,suka
2292,suka cita
2293,sukacita
2294,sukar
2295,sukarela
2296,sukasuka
2297,sukat
2298,sukses
2299,sulur
2300,sumber
2301,sumbu
2302,sumpah
2303,sumringah
2304,sunan
2305,sungging
2306,sungguh
2307,sungguhsungguh
2308,suntuk
2309,sunyi
2310,super
2311,superior
2312,suplai
2313,suplemen
2314,suporter
2315,support
2316,surat takdir
2317,surat tanah
2318,surau
2319,susah
2320,susah hati
2321,susuk
2322,susur
2323,susut
2324,suvenir
2325,swagriya
2326,sweet
2327,syarikat
2328,syg
2329,syukur
2330,taat
2331,tabah
2332,tabah hati
2333,tabe
2334,tablig
2335,tabung
2336,tabung bambu
2337,tafsir
2338,tahan
2339,tahan lama
2340,tahan lasak
2341,tahu
2342,tahu atur
2343,tajali
2344,tajam
2345,tajam mata
2346,tajam otak
2347,tajam pikir
2348,tak segan
2349,takar
2350,takjub
2351,takrif
2352,taksir
2353,takut
2354,takwa
2355,takyin
2356,takzim
2357,talen
2358,talenta
2359,taman
2360,tamat
2361,tambah
2362,tambat
2363,tampak
2364,tampil
2365,tanda
2366,tanda jasa
2367,tanda mata
2368,tandang
2369,tandas
2370,tandatanda
2371,tanding
2372,tanduk
2373,tangan
2374,tanggap
2375,tangguh
2376,tanggulang
2377,tangkal
2378,tangkap
2379,tangkas
2380,tangkis
2381,tangkul
2382,tangsel
2383,tanya
2384,tanya jawab
2385,tapa
2386,tara
2387,taraf
2388,tarekat
2389,tari
2390,tarik
2391,tarik hati
2392,taruh
2393,taruh hati
2394,taruk
2395,tasamuh
2396,tata
2397,tata tertib
2398,tatap
2399,tating
2400,taut
2401,tawakal
2402,tawarikh
2403,tayang
2404,tayib
2405,tayibah
2406,team
2407,tebak
2408,tebal telinga
2409,tebar
2410,tedas
2411,teduh
2412,tegang
2413,tegap
2414,tegar
2415,tegas
2416,teguh batin
2417,teguh hati
2418,teguk
2419,tegur
2420,teh
2421,teja
2422,tekad
2423,tekan
2424,tekan jiwa
2425,tekan mental
2426,tekun
2427,tela
2428,telaah
2429,teladan
2430,telaten
2431,telinga merah
2432,telungkup
2433,telur
2434,telusur
2435,tembus
2436,temennya
2437,tempo
2438,tempoh
2439,tempotempo
2440,tempuh
2441,temu
2442,tenaga
2443,tenaga kerja
2444,tenang
2445,tengah
2446,tenggang
2447,tenggang rasa
2448,tengkuluk
2449,tengkurap
2450,tengok
2451,tenteram
2452,teoretis
2453,tepa salira
2454,tepat
2455,tepat 
2456,terala
2457,terampil
2458,terang
2459,terang akal
2460,teranggaranggar
2461,teraso
2462,terbayangbayang
2463,terbit selera
2464,tergelenggeleng
2465,tergilagila
2466,terima
2467,terima kasih
2468,terimakasih
2469,terimaksih
2470,terjemah
2471,terjun
2472,terka
2473,terkadang
2474,terkadangkadang
2475,terkapahkapah
2476,terpana
2477,tersengalsengal
2478,tertawa
2479,tertawa kecil
2480,tertib
2481,terusmenerus
2482,testimoni
2483,tetap
2484,tetap hati
2485,tewas
2486,thank
2487,thanks
2488,tiada
2489,tiang pancang
2490,tiara
2491,tiba
2492,tidur
2493,tikar
2494,timba
2495,timba ilmu
2496,timbal
2497,timbun
2498,timpal
2499,tindak
2500,tinggal
2501,tinggi
2502,tingkah laku
2503,tingkat
2504,tip
2505,tips
2506,tiris
2507,tiru
2508,titi
2509,titip api
2510,tlg
2511,tokcer
2512,tokok
2513,tolak
2514,tongkat
2515,tongkeng
2516,tongkrong
2517,top
2518,toreh
2519,tq
2520,traktat
2521,transaksi
2522,transendental
2523,transparan
2524,transparansi
2525,trauma
2526,trendi
2527,trengginas
2528,tresna
2529,trima
2530,trimakasih
2531,trims
2532,tuah
2533,tuhan
2534,tuju
2535,tukar
2536,tukar akal
2537,tukar cincin
2538,tukar pikir
2539,tulang
2540,tulen
2541,tulus
2542,tulus hati
2543,tulus ikhlas
2544,tumandang
2545,tumbang
2546,tumbuk
2547,tumpah
2548,tumpang tinggal
2549,tumpil
2550,tumpu
2551,tumpuk
2552,tunai
2553,tunang
2554,tunas
2555,tundang
2556,tunduk
2557,tunggak
2558,tunggu
2559,tunggu dunia
2560,tungkak
2561,tunjang
2562,tuntas
2563,tuntun
2564,tuntut ilmu
2565,turun
2566,turut
2567,tutuk
2568,tutup mulut
2569,tutur
2570,uang lelah
2571,uang rokok
2572,ubah
2573,ucap
2574,ugahari
2575,ugalugalan
2576,uji
2577,ukur
2578,ulama
2579,ulas
2580,ulung
2581,ulur
2582,ulur tangan
2583,umat
2584,umi
2585,umum
2586,umur
2587,unda
2588,undang
2589,unekunek
2590,unggul
2591,ungkap
2592,untir
2593,untung
2594,upa
2595,upah
2596,upaya
2597,urai
2598,uraura
2599,urus
2600,usaha
2601,usai
2602,usik
2603,usil
2604,ustadz
2605,ustazah
2606,usul
2607,utama
2608,utara
2609,utas
2610,utopia
2611,vak
2612,vakansi
2613,varia
2614,varian
2615,ventura
2616,verbal
2617,vila
2618,visi
2619,vista
2620,vitalitas
2621,vote
2622,voucher
2623,wadak
2624,waduh
2625,wafat
2626,wagu
2627,wah
2628,wahyu
2629,wajar
2630,wangi
2631,wantah
2632,waras
2633,waris
2634,warna
2635,warok
2636,wasiat
2637,waspada
2638,watak
2639,wawancara
2640,wedel
2641,wekel
2642,welas
2643,welcome
2644,wewenang
2645,wibawa
2646,widita
2647,widyaiswara
2648,wiladah
2649,wirid
2650,wisma
2651,wisuda
2652,wkwkwk
2653,wujud
2654,yaaaa
2655,yahud
2656,yakin
2657,yamtuan
2658,yank
2659,yasalamualaika
2660,yaudah
2661,yes
2662,yg tuan
2663,yoga
2664,yuk
2665,yukk
2666,yuuk
2667,zaim
2668,zakelek
2669,zakiah
2670,zikir
2671,zuhud
0, bekas
1, belakang
2, bokser
3, hati
4, kali
5, kerja
6, keruan
7, masuk akal
8, rasa
9, sangat
10, segan
11, uzur
12,aahh
13,abaaba
14,abai
15,abar
16,abarabar
17,abdi
18,abdi negara
19,abg
20,abis
21,abnormalitas
22,abolisi
23,abon
24,aborsi
25,absen
26,abses
27,absorpsi
28,absurd
29,abu
30,abuabu
31,abuk
32,abur
33,acak
34,acakacakan
35,acau
36,aco
37,acoacoan
38,acu
39,acuh tak acuh
40,adab
41,adam
42,adang
43,addict
44,adegan
45,adek
46,adiktif
47,adil
48,adimarga
49,adon
50,adu
51,adu lidah
52,adu mulut
53,aduh
54,aduk
55,afeksi
56,afiliasi
57,aga
58,agam
59,agama
60,agen
61,agen rahasia
62,agung
63,ahli bahasa
64,ahmak
65,aib
66,aiku
67,ain
68,air
69,air liur
70,aja
71,ajaib
72,ajal
73,ajang
74,ajar
75,aji
76,aju
77,ajuk
78,akar
79,akas
80,akhlak
81,akibat
82,akidah
83,akik
84,akreditasi
85,aksa
86,aksioma
87,aktif
88,aku
89,akuan
90,akumah
91,akut
92,alah
93,alahan
94,alaibelai
95,alam
96,alami
97,alamiah
98,alangkah
99,alas
100,alat kelamin
101,alat negara
102,alat vital
103,alay
104,album
105,alergi
106,aliansi
107,alienasi
108,alih
109,alih bentuk
110,alir udara
111,alkisah
112,alku
113,alobar
114,alone
115,alpa
116,alur
117,amah
118,amal
119,amandel
120,amarah
121,amatin
122,ambai
123,ambal
124,ambang
125,ambau
126,ambigu
127,ambiguitas
128,ambil
129,amblas
130,ambles
131,ambruk
132,amburadul
133,ametis
134,ami
135,amin
136,amit
137,amor
138,amoral
139,ampai
140,ampas
141,ampas kopi
142,ampel
143,ampela
144,ampu
145,ampun
146,amput
147,amtenar
148,amuk
149,ana
150,anak
151,anak air
152,anak bawang
153,anak bedil
154,anak bukit
155,anak cucu
156,anak penak
157,anak pinak
158,anakanakan
159,analitis
160,anarki
161,ancai
162,ancam
163,andal
164,andeka
165,aneh
166,anekdot
167,aneksasi
168,anggai
169,anggar lidah
170,anggara
171,anggota
172,anggur
173,angin lalu
174,angit
175,angkat
176,angkat tangan
177,angkat topi
178,angkot
179,angkup
180,angkut
181,anglo
182,angsur
183,aniaya
184,anjak
185,anjay
186,anjeng
187,anjer
188,anjg
189,anjing
190,anjing tanah
191,anjir
192,anjis
193,anjlok
194,anjung
195,anjur
196,anom
197,antagonisme
198,antap
199,antek
200,antem
201,anti
202,antipati
203,antisipasi
204,antitesis
205,antuk
206,antun
207,antusias
208,anugerah
209,anut
210,anyir
211,apa
212,aparat
213,aparatus
214,apas
215,apasih
216,apatis
217,apek
218,apes
219,api
220,apiapi
221,apit
222,apiun
223,apkir
224,aplikasi
225,arah
226,aram
227,arau
228,arbitrer
229,arca
230,argumen
231,arik
232,armada
233,arsip
234,artikel
235,artistik
236,aru
237,aruaru
238,arus udara
239,asa
240,asah
241,asak
242,asal
243,asal usul
244,asalasalan
245,asam
246,asan tak asan
247,asasi
248,asfal
249,asid
250,asih
251,asimilasi
252,asing
253,asmara
254,asor
255,asosiasi
256,aspek
257,aspiran
258,asri
259,astaga
260,astagfirullah
261,astagfirulloh
262,astaghfirullah
263,asuh
264,asumsi
265,asusila
266,aswad
267,atas
268,ati
269,atraktif
270,atresia
271,atribut
272,atuh
273,atur
274,atut
275,aur
276,aurat
277,aus
278,auta
279,awa
280,awal
281,awan
282,awan kelabu
283,awas
284,awi
285,awur
286,awut
287,awutawutan
288,ayal
289,ayat
290,ayun
291,azab
292,azimat
293,bab
294,babak
295,babar
296,babat
297,babi
298,babi buta
299,babil
300,bablas
301,babu
302,baca
303,bacar mulut
304,bacok
305,bacot
306,bad
307,badai
308,badan
309,badan 
310,badmood
311,badung
312,bagai
313,bagaimana 
314,bagal
315,baginda
316,bagus
317,bah
318,bahagia
319,bahala
320,bahan
321,bahana
322,bahasa
323,bahaya
324,bahlul
325,bahtera
326,baiat
327,baik
328,baikbaik
329,bain
330,bait
331,bajak
332,bajing
333,bakar
334,bakat
335,baktau
336,bakti
337,baku
338,bala
339,bala bencana
340,balai
341,balairung
342,balas
343,balela
344,bales
345,balesnya
346,balik
347,balik adab
348,balik akal
349,balik belakang
350,balik gagang
351,balkon
352,balung
353,balur
354,balut
355,bambu
356,bambung
357,ban
358,banal
359,banat
360,bancang
361,banci
362,bandang
363,bandar
364,bandel
365,banding
366,bandit
367,bando
368,bandung
369,bangai
370,bangan
371,bangang
372,bangbung
373,bangett
374,bangkai
375,bangkang
376,bangkit
377,bangkot
378,bangkrut
379,bangle
380,bangsal
381,bangsat
382,bangsawan
383,bangun
384,banjir
385,bantah
386,bantai
387,bantar
388,banteng
389,bantet
390,banting
391,bantu
392,banyak
393,banyak bicara
394,banyak cakap
395,banyak cincong
396,banyak mulut
397,banyak omong
398,banyol
399,baper
400,baperan
401,bapet
402,bara
403,baran
404,barbar
405,bareng
406,baret
407,barkas
408,barua
409,barut
410,barzakh
411,basi
412,baskom
413,basmi
414,bastar
415,batal
416,batalion
417,batang
418,batas
419,batas waktu
420,batel
421,baterai
422,batil
423,batu
424,batu dahak
425,batu loncat
426,batuk
427,batuk darah
428,batuk kecil
429,batuk kering
430,batuk lelah
431,batukbatuk
432,batungbatung
433,bau
434,bau kencur
435,bau tanah
436,bawa
437,bawa berat
438,bawain
439,bawang
440,bawat
441,bawel
442,baya
443,bayan
444,bayar
445,bayi
446,bayu
447,bebal
448,beban
449,bebas
450,bebat
451,bebel
452,beber
453,becak
454,becek
455,becus
456,beda
457,bedah
458,bedegap
459,bedegong
460,bedel
461,bedeng
462,bedol
463,begadang
464,begah
465,begak
466,begal
467,beganabegini
468,begini
469,begu
470,beguk
471,begundal
472,bejat
473,bekam
474,bekap
475,bekas
476,bekicot
477,belah
478,belah ketupat
479,belai
480,belaka
481,belakang
482,belam
483,belang
484,belanja
485,belas
486,belati
487,belembang
488,belendung
489,belenggu
490,beleter
491,beli
492,belia
493,beliin
494,belikan
495,beling
496,belingsat
497,belinjo
498,belis
499,belit
500,beloh
501,beloon
502,belot
503,belubelai
504,belulang
505,bembam
506,benah hati
507,benak kepala
508,benam
509,benar
510,bencana
511,bencat
512,benci
513,bencong
514,bendel
515,bendera
516,benderang
517,bendoro
518,bendu
519,bendung
520,bener
521,bengal
522,bengap
523,bengis
524,bengkak
525,bengkak hati
526,bengkerap
527,bengkok
528,bengok
529,benguk
530,bening
531,benjut
532,benta
533,bentak
534,bentan
535,bentang
536,bentok
537,bentrok
538,bentul
539,bentur
540,benyot
541,beol
542,berahi
543,berak
544,berak air
545,beramburambu
546,beramukamukan
547,beranang
548,beranda
549,berandal
550,berang
551,berangai
552,berangan
553,berangkal
554,berangkat
555,berangsang
556,beranta
557,berantak
558,berantas
559,berapatrapat
560,berat ekor
561,berat hati
562,berat kepala
563,berat otak
564,berat pinggul
565,berat tangan
566,berat telinga
567,berat tulang
568,berbecakbecak
569,berbelitbelit
570,berbondongbondong
571,bercak
572,bercakarcakaran
573,berceraiberai
574,bercikuncikun
575,bercumbucumbu
576,berdikitdikit
577,berduyunduyun
578,beredak
579,berengsek
580,bergajul
581,bergas
582,berhala
583,berhandaihandai
584,berhatihati
585,beri
586,beri uang
587,beringas
588,berita
589,berjejaljejal
590,berjubal
591,berkasihkasihan
592,berkelokkelok
593,berkelompokkelompok
594,berkemaskemas
595,berkepingkeping
596,berkeraskerasan
597,berketarketar
598,berkobarkobar
599,berlamalama
600,berlaralara
601,berlaratlarat
602,berlebihlebih
603,berlibatlibat
604,berlikuliku
605,bermainmain
606,bernas
607,berogakogak
608,berolokolok
609,berpadapada
610,berpalitpalit
611,berperaiperai
612,berpuakpuak
613,berpurapura
614,berputarputar
615,bersesaksesak
616,bersih
617,bersikukuh
618,bersitegang
619,bersiteguh
620,bersukasuka
621,bersukasukaan
622,bersungguhsungguh
623,bertalatala
624,bertaluntalun
625,bertanyatanya
626,berteletele
627,bertimpatimpa
628,berus
629,besar
630,besar lengan
631,besar perut
632,besar rabu
633,beset
634,besi tua
635,besit
636,beslah
637,besot
638,beta
639,betas
640,bete
641,betina
642,beton
643,better
644,betul
645,betung
646,beud
647,bhay
648,biadab
649,biak
650,biang keladi
651,biar
652,biarawati
653,biarin
654,biarpun
655,bias
656,biasa
657,biasin
658,bicara
659,bicu
660,bidah
661,bidai
662,bidas
663,bidik
664,bijak
665,bijaksana
666,biji buah
667,biji mata
668,bijih
669,biksah
670,bilik
671,bimbang
672,bimbing
673,binasa
674,bincang
675,bingit
676,bingung
677,bini gelap
678,bir
679,birah
680,birokrat
681,bisain
682,bisik
683,bison
684,bisu
685,bisul
686,biut
687,blangko
688,blaster
689,blobor
690,block
691,blokir
692,bloon
693,blur
694,bobol
695,bobot
696,bobrok
697,bobroq
698,bocor
699,bodo
700,bodoamat
701,bodoh
702,bogem
703,bogem mentah
704,bogum
705,bohong
706,bokek
707,bokep
708,boker
709,boksen
710,bolong
711,bolos
712,bolsak
713,bom
714,bombastis
715,bonceng
716,bondong
717,bondot
718,bongak
719,bonggol
720,bongkah
721,bongkak
722,bongkar
723,bongkarbangkir
724,bongkong
725,bongok
726,bongsor
727,bonus
728,boong
729,bopong
730,borak
731,boro
732,borok
733,borong
734,boros
735,bosan
736,bosen
737,bosman
738,bosun
739,bot
740,boyak
741,brengsek
742,brokat
743,broker
744,bromocorah
745,brutal
746,bruto
747,buah
748,buah bibir
749,buah dada
750,buah hati
751,buah simalakama
752,bual
753,buang
754,buang air
755,buang air besar
756,buang air kecil
757,buang hajat
758,buang nyawa
759,buangbuang air
760,buari
761,buas
762,bubuk
763,bucu
764,budaya
765,budek
766,bufer
767,buhuk
768,bujuk
769,buka
770,bukan
771,bukat
772,bukti
773,buku
774,bulan
775,bulanbulanan
776,bulat
777,buletin
778,bulevar
779,bully
780,bulsak
781,buluh
782,bulus
783,bumi
784,buncah
785,buncit
786,bunda
787,bundak
788,bundel
789,bunduk
790,bunga
791,bunga hati
792,bungkam
793,bungkus
794,bungsu
795,buni
796,buntang
797,buntet
798,bunting
799,buntu
800,buntung
801,bunuh
802,bunyi
803,burai
804,buram
805,buras
806,buru
807,buruburu
808,buruk
809,busuk
810,busut
811,buta
812,buta hati
813,butek
814,butuh
815,butut
816,buyut
817,bye
818,caba
819,cabang
820,cabar
821,cabau
822,cabe
823,cabik
824,cabuh
825,cabul
826,cabut
827,cacat
828,cacau
829,caci
830,caci maki
831,cacing
832,cacing es
833,cacing gelanggelang
834,cacing gila
835,cacing gilig
836,cacing ginjal
837,cacing hati
838,cacing hitadid
839,cacing jantung
840,cacing kalung
841,cacing karawit
842,cacing kentar
843,cacing keremi
844,cacing palolo
845,cacing pipih
846,cacing pita
847,cacing rambut kuda
848,cacing tambang
849,cacing tanah
850,cadang
851,cadas
852,cagar
853,cagil
854,cagun
855,cahari
856,cahaya
857,caing
858,cair
859,cakap
860,cakap angin
861,cakar
862,cakep
863,cakus
864,calar
865,calit
866,campak
867,camping
868,campur aduk
869,camuk
870,canda
871,candal
872,candala
873,candu
874,canggung
875,cangkul
876,cangkum
877,cantik
878,cantol
879,cantrik
880,capai
881,capak
882,cape
883,capek
884,capit
885,caplak
886,caplok
887,carak
888,caran
889,cari
890,cariin
891,carik
892,caruk
893,carut
894,cat
895,catak
896,catur
897,catut
898,cebik
899,cebur
900,cecah
901,cecak
902,cecap
903,cecer
904,cecunguk
905,cedayam
906,cedera
907,cedih
908,cegah
909,cegak
910,cegat
911,cek
912,cekah
913,cekak
914,cekam
915,cekang
916,cekat
917,cekau
918,cekcok
919,ceker
920,cekik
921,cekit
922,cekluk
923,cekok
924,ceku
925,cekuh
926,cekung
927,cela
928,celah
929,celaka
930,celampak
931,celemotan
932,celetuk
933,celih
934,celomes
935,celomok
936,celonok
937,celopar
938,celoteh
939,celuk
940,cema
941,cemar
942,cemas
943,cemat
944,cemberut
945,cembung
946,cemburu
947,cemeeh
948,cemeh
949,cemerlang
950,cemeti dewa
951,cemomot
952,cemong
953,cemooh
954,cempala mulut
955,cempek
956,cempelung
957,cempeng
958,cempera
959,cemplung
960,cempung
961,cemuas
962,cena
963,cencala
964,cendala
965,cendekia
966,cenderung
967,cengang
968,cengeng
969,cengger
970,cengkam
971,cengkau
972,cengkedi
973,cengkelong
974,cengkeram
975,cengkerama
976,cengung
977,centang
978,centil
979,cepat
980,cepol
981,cerabah
982,cerabih
983,ceracam
984,ceracau
985,cerah
986,cerai
987,ceraiberai
988,cerat
989,cerca
990,cercah
991,cerewet
992,ceria
993,cerita
994,cerita anak
995,cerita burung
996,cerita khayal
997,cerita reka
998,ceriwis
999,cerkau
1000,cerna
1001,ceroboh
1002,ceronggah
1003,ceruk
1004,cerup
1005,cetak
1006,cetek
1007,cetera
1008,cetus
1009,cibir
1010,cicik
1011,cikun
1012,cilok
1013,cimeng
1014,cincong
1015,cingangah
1016,cinta
1017,cinta kasih
1018,cintrong
1019,ciplak
1020,cirit
1021,cium
1022,cium tanah
1023,ciut
1024,claim
1025,classy
1026,close
1027,closed
1028,coba
1029,coblos
1030,cocok
1031,cocor
1032,cokol
1033,colakcaling
1034,colek api
1035,coleng
1036,colok
1037,colong
1038,comberan
1039,comblang
1040,comeback
1041,comel
1042,comot
1043,compeng
1044,compes
1045,condong
1046,congek
1047,congkak
1048,congkel
1049,congor
1050,conteng
1051,copet
1052,coplok
1053,copot
1054,corak
1055,coreng
1056,coreng moreng
1057,corengmoreng
1058,coret
1059,cotok
1060,crash
1061,cry
1062,cuai
1063,cuak
1064,cuat
1065,cubit
1066,cuca
1067,cucok
1068,cucuk
1069,cucup
1070,cucur
1071,cucut
1072,cuek
1073,cuekin
1074,cuka belanda
1075,cuka jawa
1076,cukup
1077,cukur
1078,cuma
1079,cumbu
1080,cunam
1081,cungkil
1082,cupet
1083,cupul
1084,cura
1085,curang
1086,curat
1087,curcol
1088,curhat
1089,curi
1090,curiga
1091,curna
1092,curu
1093,cute
1094,cutel
1095,cuti
1096,dabih
1097,dadah
1098,daftar
1099,daging tumbuh
1100,dah
1101,dahh
1102,dahiat
1103,dahsyat
1104,daif
1105,daing
1106,dajal
1107,dakap
1108,daki
1109,dakwa
1110,dalal
1111,dalalah
1112,dalang
1113,dalem
1114,dalih
1115,dalil
1116,dam
1117,damai
1118,dampak
1119,dampar
1120,damping
1121,damprat
1122,dangkal
1123,dangkap
1124,dangkar
1125,dangkung
1126,dansa
1127,danyang
1128,dapra
1129,darah
1130,darah dingin
1131,daras
1132,darat
1133,darurat
1134,dasar
1135,data
1136,datang
1137,datang hati
1138,datuk
1139,daulat
1140,daya
1141,daya muat
1142,daya pikir
1143,daya serap
1144,daya tampung
1145,daya upaya
1146,death
1147,debar
1148,debat
1149,debil
1150,debu
1151,dedah
1152,dedak
1153,dedemit
1154,dedengkot
1155,dedikasi
1156,defekasi
1157,defisit
1158,degil
1159,degub
1160,dekaden
1161,dekadensi
1162,dekap
1163,dekat
1164,dekil
1165,deklarasi
1166,dekus
1167,delay
1168,delegasi
1169,delete
1170,demek
1171,demen
1172,demo
1173,demon
1174,demonstrasi
1175,dempet
1176,denai
1177,dendam
1178,dendam berahi
1179,dendeng
1180,denger
1181,dengki
1182,dengkik
1183,dengkul
1184,dengkur
1185,dengu
1186,dengung
1187,dengus
1188,dengut
1189,denyut
1190,depak
1191,depresi
1192,dera
1193,derai
1194,deras
1195,derek
1196,deriji
1197,dering
1198,derita
1199,deru
1200,derum
1201,desa
1202,desah
1203,desak
1204,desasdesus
1205,desau
1206,desersi
1207,desir
1208,deskripsi
1209,destar
1210,detak
1211,detektif
1212,dewan
1213,diajarin
1214,dialog
1215,diam
1216,diancurin
1217,diapain
1218,diare
1219,dibales
1220,dibeliin
1221,diblock
1222,dibully
1223,didih
1224,didik
1225,didis
1226,diduain
1227,die
1228,diem
1229,diet
1230,diginiin
1231,digituin
1232,digresi
1233,dikangenin
1234,dikatain
1235,diketawain
1236,dikit
1237,dilema
1238,diliatin
1239,dilupain
1240,dimarahin
1241,dina
1242,dinasti
1243,dinding
1244,dingin
1245,dinistain
1246,dipamerin
1247,diplomasi
1248,direksi
1249,diri
1250,disalahin
1251,disentri
1252,disimilaritas
1253,diskredit
1254,diskrepansi
1255,disparitas
1256,distingsi
1257,distorsi
1258,ditidurin
1259,divergensi
1260,doa
1261,doang
1262,dobel
1263,dobrak
1264,dogma
1265,dogol
1266,doh
1267,doi
1268,doktrin
1269,domba
1270,dominan
1271,domot
1272,dompleng
1273,dompol
1274,dongeng
1275,dongkel
1276,dongkol
1277,dongkrak
1278,dongok
1279,dorong
1280,dosa
1281,down
1282,drama
1283,drama duka
1284,drastis
1285,draw
1286,drop
1287,duaja
1288,duduk perut
1289,duel
1290,duet
1291,duga
1292,dugal
1293,duh
1294,duka
1295,dukacarita
1296,dukacita
1297,dukun
1298,duli
1299,duluan
1300,dum
1301,dungas
1302,dungkul
1303,dungu
1304,dunia
1305,dupleks
1306,dura
1307,durhaka
1308,duri
1309,durjana
1310,durkarsa
1311,dursila
1312,dusta
1313,dwiganda
1314,eban
1315,ecer
1316,edan
1317,edar
1318,eek
1319,ego
1320,egois
1321,ejakulasi
1322,ejawantah
1323,ejek
1324,ekang
1325,eklektis
1326,ekofraksia
1327,ekor
1328,eks
1329,ekshibisi
1330,ekspirasi
1331,eksplisit
1332,ekspos
1333,ekspres
1334,ekstasi
1335,ekstrem
1336,el
1337,elak
1338,elegan
1339,elu
1340,elus
1341,elusif
1342,embah
1343,embal
1344,embarau
1345,embat
1346,embek
1347,embus
1348,emergensi
1349,emg
1350,emmm
1351,emosi
1352,empal
1353,empang
1354,empap
1355,empas
1356,empedal
1357,emper
1358,empos
1359,empotempotan
1360,empuk
1361,enak
1362,enas
1363,encang
1364,encok
1365,endemi
1366,endus
1367,enek
1368,energik
1369,engah
1370,enggan
1371,engkau
1372,enjak
1373,entah
1374,entahberentah
1375,entak
1376,enteng
1377,enyah
1378,epidemi
1379,epigon
1380,erang
1381,erik
1382,eror
1383,erot
1384,erotis
1385,eroton
1386,error
1387,erti
1388,es
1389,esak
1390,esensial
1391,esok
1392,estetis
1393,ex
1394,excited
1395,fadihat
1396,faedah
1397,fail
1398,fakir
1399,fakta
1400,faktor
1401,farak
1402,faring
1403,fasid
1404,fasilitas
1405,fatal
1406,fatwa
1407,feses
1408,fiksi
1409,filantropi
1410,filo
1411,filsafat
1412,final
1413,firasat
1414,fiskal
1415,fitnah
1416,fk
1417,flu
1418,fokus
1419,folder
1420,fondasi
1421,formal
1422,forum
1423,fosil
1424,fresh
1425,friksi
1426,frustasi
1427,fulanah
1428,fundamental
1429,fungsionaris
1430,gaada
1431,gaakan
1432,gabaik
1433,gabakal
1434,gabal
1435,gabas
1436,gabole
1437,gaboleh
1438,gabuk
1439,gabung
1440,gabut
1441,gabutuh
1442,gaco
1443,gadai
1444,gadang
1445,gadogado
1446,gaduh
1447,gaenak
1448,gaet
1449,gagah
1450,gagal
1451,gagap
1452,gagar
1453,gagu
1454,gaib
1455,gairah
1456,gajadi
1457,gaje
1458,gajih
1459,gakuat
1460,galaba
1461,galak
1462,galak memanasmanasi
1463,galak panas
1464,galas
1465,gali
1466,gam
1467,gamak
1468,gamam
1469,gamang
1470,gamat
1471,gamau
1472,gambar
1473,gamblang
1474,gamit
1475,gampang
1476,gamungkin
1477,ganar
1478,ganas
1479,ganas cabul
1480,ganda
1481,ganduh
1482,gang
1483,gangerti
1484,ganggang
1485,ganggu
1486,ganggu jiwa
1487,gangguin
1488,gangsar
1489,ganjal
1490,ganjar
1491,ganjil
1492,ganteng
1493,ganti
1494,gantung
1495,ganyang
1496,gapaham
1497,gapernah
1498,gapil mulut
1499,gapuk
1500,gapura
1501,gara
1502,garagara
1503,garang
1504,garib
1505,garis
1506,garis bawah
1507,garit
1508,garong
1509,garu
1510,garuk
1511,garwa ampil
1512,gas
1513,gasak
1514,gastroenterologi
1515,gasuka
1516,gatal
1517,gatau
1518,gatel
1519,gaul
1520,gaung
1521,gausa
1522,gausah
1523,gawat
1524,gayung
1525,gblk
1526,gbs
1527,gebang
1528,gebetan
1529,geblek
1530,gebok
1531,gebos
1532,gebu
1533,gebung
1534,gedang
1535,gede
1536,gedembai
1537,gedor
1538,gegabah
1539,gegadan
1540,gegap
1541,gegar
1542,gegara
1543,geger
1544,gegetun
1545,gejolak
1546,gel
1547,gela
1548,gelabur
1549,geladah
1550,geladir
1551,gelagap
1552,gelagat
1553,gelanggang
1554,gelantung
1555,gelap
1556,gelatak
1557,gelebah
1558,gelecik
1559,geledah
1560,geledek
1561,gelegak
1562,geleng
1563,gelesot
1564,geletar
1565,geletik
1566,geli
1567,geliat
1568,gelibat
1569,gelicik
1570,geligi
1571,geligis
1572,gelincir
1573,gelingsir
1574,gelinjang
1575,gelisah
1576,gelo
1577,gelogok
1578,gelongsor
1579,gelopak
1580,gelora
1581,geluduk
1582,geluncur
1583,gelung
1584,gelup
1585,gelut
1586,gema
1587,gemal
1588,gemap
1589,gemar
1590,gemas
1591,gemaung
1592,gembel
1593,gembil
1594,gembira
1595,gemblung
1596,gembol
1597,gembrot
1598,gembul
1599,gembung
1600,gemeletek
1601,gemes
1602,gemetar
1603,geming
1604,gempal
1605,gempar
1606,gempil
1607,gempita
1608,gempur
1609,gemuk
1610,gemuruh
1611,genah
1612,genang
1613,genap
1614,gencat
1615,gencet
1616,gendak
1617,gendeng
1618,gendut
1619,generasi
1620,genit
1621,genitalia
1622,genjang
1623,gentar
1624,gentas
1625,gepok
1626,gerah
1627,geramus
1628,gerebek
1629,gerecok
1630,gereget
1631,gerenyot
1632,gerepes
1633,geret
1634,gergaji
1635,gerhana
1636,geriap
1637,gering
1638,gering hulu
1639,gerinjam
1640,germo
1641,gerobak
1642,gerombol
1643,gerombol kawan
1644,gerombong
1645,gersang
1646,gertak
1647,geruh
1648,gesek
1649,gesel
1650,geser
1651,getap
1652,getar
1653,getir
1654,getol
1655,getun
1656,giang
1657,giat
1658,gibah
1659,gidik
1660,gigih
1661,gigil
1662,gigis
1663,gigit
1664,gila
1665,gilagila
1666,gilagilaan
1667,gilak
1668,gilas
1669,giligili
1670,ginding
1671,gingsir
1672,giniin
1673,gituan
1674,giwang
1675,gjd
1676,globe
1677,gobar hati
1678,goblok
1679,goda
1680,godain
1681,gogrok
1682,gohong
1683,golak
1684,golek
1685,golong
1686,gombong
1687,goncang
1688,gondok
1689,gondol
1690,gone
1691,gonggong
1692,gonggong anjing
1693,gonjak
1694,gontok
1695,goodbye
1696,gorek api
1697,goreng
1698,gores
1699,goronggorong
1700,gosah
1701,gosip
1702,gosok
1703,got
1704,goyah
1705,goyah gerak
1706,goyang
1707,grecok
1708,grip
1709,griya
1710,grogi
1711,grup
1712,gua
1713,guam
1714,gubris
1715,gubuk
1716,gugah
1717,gugat
1718,guguk
1719,gugup
1720,gugur
1721,gugus
1722,gulana
1723,gulat
1724,guling
1725,gulir
1726,gulung
1727,gulung tikar
1728,gumam
1729,gumul
1730,guncang
1731,gundah
1732,gundal
1733,gundang
1734,gundik
1735,gundu
1736,gunduk
1737,gunjing
1738,gunting
1739,guntur
1740,gunung
1741,guram
1742,gurau
1743,gurau senda
1744,gurub
1745,guruh
1746,gurun
1747,gusar
1748,gusur
1749,guyon
1750,guyub
1751,habis
1752,habis akal
1753,habitat
1754,hack
1755,hadang
1756,hadeh
1757,hadiah
1758,hadir
1759,hadirin
1760,haih
1761,hajar
1762,hajat
1763,hakam
1764,hakiki
1765,halah
1766,halang
1767,halilintar
1768,hama
1769,hambar
1770,hambat
1771,hambur
1772,hamik
1773,hamil
1774,hampa
1775,hamster
1776,hamun
1777,hancai
1778,hancur
1779,hancur lebur
1780,handai
1781,hangat
1782,hangit
1783,hangus
1784,hantam
1785,hantam kromo
1786,hantar
1787,hantu
1788,hanyut
1789,hapus
1790,haram
1791,harap
1792,harapharap
1793,harapharap cemas
1794,hardik
1795,harmonis
1796,haru
1797,haru biru
1798,hasad
1799,hasan
1800,hasud
1801,hasut
1802,hate
1803,haters
1804,hati
1805,hati walang
1806,hatihati
1807,hawa
1808,hawar
1809,hayat
1810,hayoloh
1811,hebat
1812,heboh
1813,helat
1814,hemat
1815,hembalang
1816,hembus
1817,hempas
1818,hendak
1819,hengkang
1820,hening
1821,henti
1822,henti tugas
1823,henyak
1824,heran
1825,heula
1826,hias
1827,hiatus
1828,hidu
1829,hidung
1830,hidup
1831,hih
1832,hilaf
1833,hilang
1834,hilang akal
1835,hilang arwah
1836,hilang hayat
1837,hilang ingat
1838,hilang nyawa
1839,hilang pikir
1840,hilang semangat
1841,himpit
1842,himpun
1843,hina
1844,hina aib
1845,hina caci
1846,hina lanyak
1847,hina rendah
1848,hindar
1849,hingar
1850,hinggap
1851,hinggut
1852,hipotesis
1853,hirap
1854,hiruk
1855,hirukpikuk
1856,hirup
1857,hisap
1858,histeria
1859,histeris
1860,hitam
1861,hitung
1862,hoax
1863,hoki
1864,hop
1865,hormat
1866,horor
1867,hot
1868,hubung
1869,hubung singkat
1870,huda
1871,huhuhu
1872,huhuu
1873,hujah
1874,hujan
1875,hujat
1876,hujung
1877,hukum
1878,hukum arestasi
1879,hulu
1880,huma
1881,huni
1882,hunjam
1883,hutang
1884,iba
1885,ibadat
1886,iblis
1887,ibunda
1888,idam
1889,idap
1890,idih
1891,idiot
1892,idk
1893,idola
1894,ifrit
1895,igau
1896,ihh
1897,ihhh
1898,ihhhh
1899,ihwal
1900,iih
1901,ijab
1902,ikan kena tuba
1903,ikat
1904,ikat janji
1905,ikat rambut
1906,ikhtiar
1907,ikhtisar
1908,iktikad
1909,ikut
1910,ikutikutan
1911,ilang
1912,ilat
1913,iluminasi
1914,image
1915,imam
1916,iman
1917,imbal
1918,imbang
1919,imbas
1920,imbesil
1921,imingiming
1922,impas
1923,implementasi
1924,implikasi
1925,impoten
1926,imut
1927,imutimut
1928,inai
1929,inap
1930,inaugurasi
1931,incangincut
1932,incess
1933,incit
1934,indah
1935,indehoi
1936,indikasi
1937,indo
1938,indolen
1939,indolensi
1940,induk semang
1941,indusemen
1942,inersia
1943,inferior
1944,inferioritas
1945,influensa
1946,info
1947,informasi
1948,inga
1949,ingar
1950,ingat
1951,ingatingat
1952,ingetin
1953,ingkar
1954,ingsar
1955,ingsut
1956,inheren
1957,inhibisi
1958,inisiator
1959,injak
1960,injek
1961,injeksi
1962,inkarnasi
1963,inklinasi
1964,inklusif
1965,insaf
1966,insane
1967,insentif
1968,insiden
1969,insinuasi
1970,inspirasi
1971,instansi
1972,instruksi
1973,intai
1974,inteligen
1975,intensif
1976,interaksi
1977,interlokusi
1978,interupsi
1979,intiha
1980,intimidasi
1981,intrakalimat
1982,intrik
1983,intrinsik
1984,invalid
1985,inventori
1986,ira
1987,iri
1988,iri hati
1989,irik
1990,iring
1991,iringiringan
1992,iris
1993,irit
1994,irsyad
1995,isak
1996,isap jempol
1997,isbat
1998,iseng
1999,ish
2000,isi
2001,isolasi
2002,isotop
2003,istan
2004,istimewa
2005,istirahat
2006,isu
2007,item
2008,iyain
2009,iyak
2010,iyasih
2011,izin
2012,jaat
2013,jabang bayi
2014,jabat
2015,jadi
2016,jadul
2017,jaga
2018,jagajaga
2019,jahad
2020,jahanam
2021,jahat
2022,jahatin
2023,jahil
2024,jahit
2025,jail
2026,jajah
2027,jajal
2028,jajar genjang
2029,jalan
2030,jalan arteri
2031,jalan bebas hambat
2032,jalan bentar
2033,jalan buntu
2034,jalan layang
2035,jalan lingkar
2036,jalan protokol
2037,jalan raya
2038,jalan setapak
2039,jalan tikus
2040,jalan tol
2041,jalang
2042,jalar
2043,jalu
2044,jalur
2045,jamah
2046,jaman
2047,jambak
2048,jambret
2049,jamin
2050,jangan
2051,jangann
2052,janggal
2053,jangkang
2054,jangkit
2055,jantung hati
2056,jarah
2057,jarak
2058,jaran
2059,jaras
2060,jari
2061,jariji
2062,jaring
2063,jarum
2064,jatah
2065,jatohnya
2066,jatuh
2067,jauh
2068,jauh hati
2069,jauhin
2070,jawab
2071,jawat
2072,jealous
2073,jebeh
2074,jeblok
2075,jeblos
2076,jebol
2077,jebur
2078,jedot
2079,jejak
2080,jejal
2081,jejap
2082,jejas
2083,jelabak
2084,jelas
2085,jelata
2086,jelek
2087,jeli
2088,jelingah
2089,jelma
2090,jelu
2091,jelus
2092,jemari
2093,jembalang
2094,jembatan
2095,jembel
2096,jemu
2097,jenaka
2098,jenazah
2099,jendala
2100,jendera
2101,jenewer
2102,jengkang
2103,jengkel
2104,jenguk
2105,jentaka
2106,jepit
2107,jepit leher
2108,jeput
2109,jera
2110,jeramah
2111,jeran
2112,jerat semata
2113,jeraus
2114,jerawat
2115,jereket
2116,jerepet
2117,jeri
2118,jeriji
2119,jeringing
2120,jerit
2121,jerkah
2122,jernih
2123,jerohok
2124,jerum
2125,jerumus
2126,jigong
2127,jihad
2128,jihat
2129,jiji
2130,jijik
2131,jilat
2132,jilid
2133,jin
2134,jiplak
2135,jir
2136,jleb
2137,jobak
2138,jodoh
2139,jolak
2140,jolok
2141,jomblo
2142,jompo
2143,jones
2144,jongkok
2145,jorok
2146,jorong
2147,jotos
2148,jual
2149,jual murah
2150,juang
2151,judes
2152,jujur
2153,jumpa
2154,jun
2155,junam
2156,jungkal
2157,junior
2158,junjung
2159,juragan
2160,jurik
2161,juru damai
2162,jutek
2163,jutekin
2164,juwita
2165,juz
2166,kabar
2167,kabar angin
2168,kabar burung
2169,kabeh
2170,kabil
2171,kabin
2172,kabinet
2173,kabul
2174,kabung
2175,kabur
2176,kabut
2177,kacang
2178,kacang botor
2179,kacau
2180,kacek
2181,kacip
2182,kacrek
2183,kacuk
2184,kada
2185,kadam
2186,kafe
2187,kafetaria
2188,kafilah
2189,kagak
2190,kaget
2191,kagum
2192,kaidah
2193,kait
2194,kaji
2195,kakas
2196,kaki ayam
2197,kalah
2198,kalang tanah
2199,kalangkabut
2200,kalap
2201,kalau
2202,kalem
2203,kalimantang
2204,kalimat
2205,kalor
2206,kalut
2207,kambing
2208,kambuh
2209,kampit
2210,kampret
2211,kampung
2212,kanakkanak anyir
2213,kandas
2214,kandung
2215,kandut
2216,kangen
2217,kanji
2218,kantin
2219,kantong
2220,kantong kering
2221,kantong perut
2222,kantong tipis
2223,kanun
2224,kaos
2225,kapah
2226,kapal
2227,kapok
2228,kapuk
2229,karang
2230,karat
2231,karavan
2232,kardinal
2233,karet
2234,karin
2235,karu
2236,karut
2237,kasam
2238,kasemat
2239,kasep
2240,kasi
2241,kasih
2242,kasih sayang
2243,kasihan
2244,kasiku
2245,kasim
2246,kasip
2247,kasur
2248,kata
2249,katakata
2250,kaus
2251,kawaei
2252,kawal
2253,kawan
2254,kawin
2255,kawula
2256,kaya
2257,kayak
2258,kayangan
2259,kebas
2260,kebat
2261,kebiri
2262,kebo
2263,kebun
2264,keburu
2265,kecai
2266,kecam
2267,kecamuk
2268,kecandan
2269,kecantol
2270,kecap
2271,kece
2272,kecek
2273,kecewa
2274,kecil
2275,kecil hati
2276,kecipir
2277,kecoa
2278,kecoh
2279,kecut
2280,kedai minum
2281,kedaluwarsa
2282,keder
2283,kedung
2284,kedut
2285,kehuruharaan
2286,keinget
2287,kejam
2288,kejar
2289,keji
2290,kejut
2291,kekang
2292,keki
2293,kekol
2294,keladi
2295,kelakar
2296,kelam
2297,kelam kabut
2298,kelamin
2299,kelangkan
2300,kelas
2301,kelasahkelusuh
2302,kelati
2303,kelengar
2304,kelesa
2305,kelesah
2306,keletah
2307,kelih
2308,kelik
2309,kelimut
2310,keling
2311,kelipar
2312,kelir
2313,keliru
2314,kelis
2315,kelok
2316,kelompang
2317,kelompok
2318,kelu
2319,keluar
2320,keluarga
2321,keluh
2322,kelusuhkelasah
2323,kemaknagandaan
2324,kemal
2325,kemam
2326,kemamang
2327,kemandang
2328,kemas
2329,kemayu
2330,kemban
2331,kembang
2332,kembang biak
2333,kembangkempis
2334,kembar
2335,kembung
2336,kemih
2337,kemik
2338,kempa
2339,kempes
2340,kempis
2341,kemplang
2342,kemu
2343,ken
2344,kena
2345,kenal
2346,kenan
2347,kenang
2348,kenangkenangan
2349,kenapaaa
2350,kenapasih
2351,kencan
2352,kencang
2353,kenceng
2354,kencing
2355,kendati
2356,kendur
2357,kenes
2358,kentara
2359,kentut
2360,kenyam
2361,kenyih
2362,keok
2363,kepal
2364,kepala angin
2365,kepala udang
2366,kepalang
2367,keparat
2368,kepeng
2369,kepetang
2370,kepialu
2371,kepinding
2372,kepleset
2373,kepo
2374,kepompong
2375,keputusasaan
2376,kera
2377,kerabat
2378,kerabu
2379,kerai
2380,kerak
2381,kerakal
2382,keramat
2383,keran
2384,keras
2385,keras hati
2386,keras kepala
2387,keras tulang
2388,kerasan
2389,kerat
2390,kerbau
2391,kerdak
2392,kerekau
2393,keremus
2394,kerepot
2395,kereseng
2396,kereta
2397,keri
2398,kerik
2399,kerikil
2400,kering
2401,keris
2402,kerising
2403,kerja
2404,kerja keras
2405,kerjain
2406,kerkau
2407,kernai
2408,kernyih
2409,kerok
2410,keropok
2411,keropos
2412,kerosek
2413,keroyok
2414,kerubung
2415,kerubut
2416,keruh
2417,kerumit
2418,kerumun
2419,kerut
2420,kerut merut
2421,kesah
2422,kesal
2423,kesambet
2424,kesel
2425,keseleo
2426,keseser
2427,keset
2428,kesi
2429,kesima
2430,kesomplok
2431,kesumat
2432,kesup
2433,ketam
2434,ketar
2435,ketat
2436,ketes
2437,ketidakjelasan
2438,ketidaktentuan
2439,ketuat
2440,ketul
2441,ketumbu
2442,ketupat bangkahulu
2443,ketupat bengkulu
2444,ketus
2445,kewalahan
2446,kgk
2447,khabis
2448,khafi
2449,khair
2450,khalifatullah
2451,khalwat
2452,kharab
2453,khasi
2454,khatimah
2455,khawatir
2456,khianat
2457,khilaf
2458,khinzir
2459,khisit
2460,kial
2461,kiamat
2462,kias
2463,kicau
2464,kicik
2465,kidib
2466,kikis
2467,kilah
2468,kilang
2469,kilat
2470,kilir
2471,kincit
2472,kir
2473,kira
2474,kirai
2475,kirap
2476,kiri
2477,kirim
2478,kisar
2479,kisi
2480,kisikisi
2481,kismat
2482,kisruh
2483,kitab
2484,kliyengan
2485,kobar
2486,kocak
2487,kocarkacir
2488,kocok
2489,kode
2490,kodok
2491,kohor
2492,koit
2493,kojor
2494,kolam
2495,kolaps
2496,kolera
2497,kolot
2498,kolusi
2499,komatkamit
2500,kompas
2501,kompleksitas
2502,komplikasi
2503,komplot
2504,kompor
2505,komunikasi
2506,komunitas
2507,konco
2508,koneksi
2509,konfirmasi
2510,kongkalikong
2511,kongkong
2512,konglomerasi
2513,konkretisasi
2514,konkurensi
2515,konotasi
2516,konsekuensi
2517,konsistensi
2518,konspirasi
2519,konsumsi
2520,kontak
2521,kontaminasi
2522,kontol
2523,kontradiksi
2524,kontras
2525,kontroversi
2526,konveks
2527,konyol
2528,koplo
2529,kopong
2530,kopyor
2531,korban
2532,korek
2533,korek api
2534,korup
2535,korupsi
2536,kosong
2537,kot
2538,kota
2539,kotak
2540,koteng
2541,kotor
2542,koyak
2543,koyakkoyak
2544,krg
2545,krisis
2546,krista
2547,kritik
2548,kritis
2549,kroco
2550,kromatis
2551,kroni
2552,kronis
2553,kronologi
2554,kuak
2555,kualat
2556,kuat
2557,kuat duga
2558,kubang
2559,kubra
2560,kubur
2561,kucarkacir
2562,kucur
2563,kufur
2564,kukuh
2565,kukul
2566,kukur
2567,kulak
2568,kuliah
2569,kumandang
2570,kumat
2571,kumbang
2572,kumpul
2573,kumuh
2574,kunarpa
2575,kungkung
2576,kuning
2577,kunjung
2578,kuno
2579,kunyah
2580,kuota
2581,kupak
2582,kurang
2583,kurang adat
2584,kurang ajar
2585,kurang darah
2586,kurang pikir
2587,kurap
2588,kurbal
2589,kurban
2590,kurung
2591,kurus
2592,kusut
2593,kusut hati
2594,kusut pikir
2595,kutil
2596,kutu busuk
2597,kutuk
2598,kutut
2599,kuwur
2600,kuyu
2601,kuyup
2602,kzl
2603,labil
2604,laboratorium
2605,labrak
2606,labuda
2607,labuh
2608,lacur
2609,ladah
2610,ladang
2611,laden
2612,lafal
2613,laga
2614,lagak
2615,lahang
2616,lahap
2617,lahir 
2618,laif
2619,laik
2620,lajat
2621,laknat
2622,lakon
2623,laksana
2624,lalah
2625,lalai
2626,lalak
2627,lalap
2628,lalat hijau
2629,lalat kerbau
2630,lali
2631,lalim
2632,lalu
2633,lalu dr dunia
2634,lam
2635,lama
2636,lamban
2637,lambang
2638,lambatlambat
2639,lampau
2640,lancang
2641,lancang mulut
2642,lancar
2643,lancip
2644,lancut
2645,landai
2646,landas
2647,langah
2648,langau
2649,langgar
2650,langis
2651,langka
2652,langkah baik
2653,langkan
2654,langkap
2655,langkau
2656,langking
2657,langsai
2658,langsuir
2659,lanjur
2660,lanjut
2661,lanjut umur
2662,lanjut usia
2663,lantak
2664,lantar
2665,lantik
2666,lanyak
2667,lap
2668,lap kaki
2669,lapang hati
2670,lapar
2671,laper
2672,lapor
2673,laporin
2674,lapuk
2675,lara
2676,larang
2677,larat
2678,larat hati
2679,lari
2680,larilari
2681,larut
2682,lasat
2683,lata
2684,latah
2685,laten
2686,latih
2687,latis
2688,lau
2689,laur
2690,lawan
2691,lawas
2692,lawat
2693,layak
2694,layan
2695,layang
2696,layon
2697,layu
2698,layuh
2699,ldr
2700,leave
2701,lebai
2702,lebar
2703,lebar mulut
2704,lebay
2705,lebih
2706,lebu
2707,lebur
2708,lecap
2709,leceh
2710,lecet
2711,ledak
2712,ledek
2713,ledes
2714,leduk
2715,legalisasi
2716,legalitas
2717,leja
2718,lekap
2719,lekas
2720,lekat
2721,leku
2722,lela
2723,lelah
2724,lelang
2725,lelap
2726,leleh
2727,lelembut
2728,leler
2729,lelucon
2730,lelung
2731,lemah
2732,lemau
2733,lembaga
2734,lembam
2735,lembap
2736,lembek
2737,lembeng
2738,lembu
2739,lembu hutan
2740,lembu liar
2741,lembung
2742,lemes
2743,lencana
2744,lenceng
2745,lendeh
2746,lengah
2747,lengang
2748,lengar
2749,lengas
2750,lenggana
2751,lengkap
2752,lengkesa
2753,lengket
2754,lengketlengket
2755,lengkur
2756,lenguh
2757,lenyap
2758,lenyap darat
2759,lepas
2760,lepek
2761,lepra
2762,lerai
2763,lerak
2764,lesap
2765,lesit
2766,lesu
2767,leta
2768,letih
2769,leting
2770,letup
2771,letus
2772,lever
2773,lewat
2774,lewat batas
2775,leyu
2776,liang
2777,liang jimak
2778,liang sanggama
2779,liat
2780,libas
2781,libat
2782,licin
2783,lidi
2784,lieur
2785,life
2786,ligih
2787,lihai
2788,lihat
2789,lik
2790,lilit
2791,linang
2792,lincah
2793,lindap
2794,lindur
2795,linggis
2796,lingkar
2797,lingkup
2798,lingsir
2799,linguis
2800,lintang
2801,lintar
2802,lintas
2803,linu
2804,lipat
2805,lipat 
2806,lipat ganda
2807,liplap
2808,lipur
2809,liput
2810,lirih
2811,lisong
2812,lisut
2813,liwa
2814,loak
2815,lock
2816,loksek
2817,loloh
2818,lolos
2819,lombong
2820,lompat
2821,lompong
2822,londang
2823,loneng
2824,longgok
2825,lontar
2826,lopak
2827,lopaklapik
2828,lorong
2829,lorot
2830,lost
2831,lot
2832,lotong
2833,lotre
2834,love
2835,loya
2836,loyo
2837,luak
2838,luang
2839,luar biasa
2840,lubang
2841,lubang jarum
2842,lubuk
2843,lucah
2844,lucu
2845,lucut
2846,luda
2847,ludes
2848,lugu
2849,luk
2850,luka
2851,lukat
2852,luluh
2853,luluh lantak
2854,lulur
2855,lumang
2856,lumat
2857,lumayan
2858,lumer
2859,lumur
2860,lumut
2861,lunas kapal
2862,luncas
2863,lungkang
2864,lungse
2865,luntur
2866,lunyah
2867,lupa
2868,lupa diri
2869,luput
2870,luruh
2871,lurus hati
2872,lusuh
2873,lutu
2874,lutut
2875,luwes
2876,luyu
2877,maaf
2878,maafin
2879,maap
2880,maapin
2881,maapkan
2882,mabok
2883,macem
2884,macis
2885,madani
2886,madat
2887,mafhum
2888,mafia
2889,mager
2890,maghrib
2891,maherat
2892,mahh
2893,mahir
2894,mahkamah
2895,maho
2896,main
2897,main kayu
2898,main mata
2899,main muda
2900,mainin
2901,mainstream
2902,mairat
2903,majenun
2904,majikan
2905,makan
2906,makan bawang
2907,makelar
2908,makhluk halus
2909,maki
2910,maklum
2911,maklumat
2912,makmum
2913,makmur
2914,maksa
2915,maksud
2916,mala
2917,malak
2918,malam
2919,malang
2920,malapateka
2921,malapetaka
2922,malas
2923,malem
2924,males
2925,malesin
2926,maling
2927,malu
2928,malu mata
2929,mam
2930,mamah
2931,mamam
2932,mamang
2933,mambang
2934,mampat
2935,mampir
2936,mampu
2937,mampus
2938,man
2939,manah
2940,manasuka
2941,mandiri
2942,maneh
2943,mangau
2944,manggak
2945,mangkas
2946,mangkel
2947,mangkir
2948,mangut
2949,manifestasi
2950,manipulator
2951,manis
2952,manja
2953,manjur
2954,mansukh
2955,mantan
2956,mantap
2957,mantik api
2958,manuver
2959,mara
2960,marah
2961,marahin
2962,marak
2963,mariyuana
2964,maruk
2965,masa bodoh
2966,masai
2967,masak
2968,masalah
2969,masif
2970,master
2971,masuk
2972,masygul
2973,masyhur
2974,mata
2975,mata betung
2976,mata ikan
2977,matamata
2978,mati
2979,mati pucuk
2980,matiin
2981,mau
2982,maula
2983,mayat
2984,mayit
2985,mbeling
2986,mblo
2987,medok
2988,megat
2989,meh
2990,melankoli
2991,melankolis
2992,melar
2993,melarat
2994,melek
2995,meleset
2996,melet
2997,melulu
2998,meluluhlantakkan
2999,memanasmanasi
3000,memang
3001,mematutmatut
3002,membedabedakan
3003,memble
3004,memedi
3005,memejahijaukan
3006,memek
3007,memorakporandakan
3008,menang
3009,mencacimaki
3010,mencak
3011,mencakmencak
3012,mencampurbaurkan
3013,menceng
3014,mencepung
3015,menceret
3016,mencret
3017,mending
3018,mendung
3019,menep
3020,mengadaada
3021,mengagakagak
3022,mengap
3023,mengatangatai
3024,mengerinyau
3025,menggaligali
3026,menggelabu
3027,menggelinyau
3028,menggerenyam
3029,menghalaibalaikan
3030,menghancurluluhkan
3031,mengharubirukan
3032,menghinaphinap
3033,menghisap
3034,mengirat
3035,mengkal
3036,mengorekngorek
3037,mengoyakoyak
3038,meni
3039,menimangnimang
3040,menimbangnimbang
3041,menir
3042,menit
3043,menjapit
3044,menjelekjelekkan
3045,menjilatjilat
3046,mentang
3047,mentangmentang
3048,mentok
3049,mentolo
3050,menung
3051,menusuknusuk
3052,menyapunyapu
3053,merah
3054,merah telinga
3055,merana
3056,merdesa
3057,merem
3058,merentangrentang
3059,meriang
3060,merinding
3061,merinin
3062,merosot
3063,mesiu
3064,meski
3065,mesra
3066,mesti
3067,mesum
3068,mesut
3069,metamorfosis
3070,meteor
3071,metode
3072,mewek
3073,mikat
3074,mikir
3075,mikirin
3076,mikro
3077,mil
3078,milih
3079,miliun
3080,mimpiin
3081,minhaj
3082,minim
3083,minimal
3084,minta
3085,minum
3086,minus
3087,miring
3088,mirip
3089,miris
3090,miskin
3091,miss
3092,mitra
3093,mls
3094,modal
3095,modar
3096,moderator
3097,modus
3098,mogok
3099,mohon
3100,momok
3101,moncong
3102,monyet
3103,moral
3104,moratmarit
3105,morfin
3106,motif
3107,motivasi
3108,moyang
3109,mu
3110,muak
3111,mual
3112,muas
3113,muat
3114,mucikari
3115,muda
3116,mudah
3117,mudarat
3118,mudik
3119,muflis
3120,mujarab
3121,muka
3122,mukhlis
3123,mukim
3124,mula
3125,mules
3126,mulu
3127,mulus
3128,mulut
3129,mulut gapil
3130,mulut gatal
3131,mulut rambang
3132,mumet
3133,mumi
3134,mumpung
3135,muncikari
3136,muncul
3137,munding
3138,mundur
3139,mungil
3140,mungkar
3141,mungkin
3142,mungkir
3143,mungut
3144,muntah
3145,muntup
3146,mupeng
3147,mupus
3148,murah
3149,muram
3150,muram durja
3151,murca
3152,muring
3153,murka
3154,murtad
3155,murung
3156,murup
3157,murus
3158,musibah
3159,musir
3160,muskil
3161,musnah
3162,mustahil
3163,mustaka
3164,musuh
3165,musyawarah
3166,mutlak
3167,mutu
3168,naas
3169,nabrak
3170,naena
3171,nafi
3172,nahan
3173,nahas
3174,naik darah
3175,naik pitam
3176,najis
3177,najisin
3178,nakal
3179,nal
3180,nala
3181,nama buruk
3182,nanar
3183,nang
3184,nanya
3185,naon
3186,napa
3187,nape
3188,napsu
3189,narasi
3190,narkotik
3191,narkotika
3192,nasihat
3193,natural
3194,naudzubillah
3195,ndak
3196,ndut
3197,nebeng
3198,necis
3199,negasi
3200,nekat
3201,nelangsa
3202,nemu
3203,nenes
3204,neng
3205,neraka
3206,nestapa
3207,next
3208,ngaceng
3209,ngadepin
3210,ngadu
3211,ngakak
3212,ngaku
3213,ngalah
3214,ngambek
3215,ngamen
3216,ngancem
3217,nganggur
3218,ngantuk
3219,ngarep
3220,ngarti
3221,ngasih
3222,ngatain
3223,ngeang
3224,ngeden
3225,ngeles
3226,ngeluh
3227,ngelupain
3228,ngenes
3229,ngerasa
3230,ngerasain
3231,ngeri
3232,ngerjain
3233,ngerti
3234,ngertiin
3235,ngeselin
3236,ngesot
3237,ngespam
3238,ngestalk
3239,ngetawain
3240,ngga
3241,ngidam
3242,ngikutin
3243,ngilang
3244,ngiler
3245,ngilu
3246,ngomel
3247,ngomongin
3248,ngotot
3249,nihh
3250,nihil
3251,nikah
3252,nikmat
3253,nilai
3254,ning
3255,ninggalin
3256,nira
3257,nis
3258,nista
3259,njir
3260,nobat
3261,noda
3262,nol
3263,nona
3264,nongol
3265,nuansa
3266,nujum
3267,numpuk
3268,nungguin
3269,nusuk
3270,nuzul
3271,nyakitin
3272,nyala
3273,nyalahin
3274,nyali
3275,nyali besar
3276,nyaman
3277,nyampah
3278,nyamuk
3279,nyangka
3280,nyanyang
3281,nyanyi
3282,nyari
3283,nyariin
3284,nyasar
3285,nyata
3286,nyebelin
3287,nyebut
3288,nyelekit
3289,nyenyak
3290,nyenyat
3291,nyenyeh
3292,nyerah
3293,nyeri
3294,nyesal
3295,nyesek
3296,nyesel
3297,nyet
3298,nyiksa
3299,nyinyir
3300,nyolong
3301,nyontek
3302,nyuruh
3303,obar
3304,obat
3305,obat bedil
3306,obral
3307,obrol
3308,obsesi
3309,obsolet
3310,oceh
3311,odoh
3312,ogah
3313,ogahogahan
3314,ogel
3315,olah
3316,oleng
3317,oles
3318,olet
3319,olok
3320,olokolok
3321,oma
3322,omong
3323,omong kosong
3324,onak
3325,onar
3326,ongkangongkang
3327,ongok
3328,ons
3329,onyakanyik
3330,onyok
3331,oon
3332,open
3333,operasi
3334,opium
3335,oposisi
3336,opp
3337,ora
3338,orang bunian
3339,orang halus
3340,orangorangan
3341,orbit
3342,orok
3343,osteoporosis
3344,otak
3345,otak ayam
3346,otak telur
3347,otak udang
3348,otek
3349,otot
3350,oven
3351,ovipositor
3352,oyak
3353,oyok
3354,oyong
3355,pa
3356,pacak
3357,pacar
3358,pacul
3359,padang luas
3360,padang pasir
3361,padu
3362,paganisme
3363,pagebluk
3364,pagi
3365,pagina
3366,pahala
3367,pahit
3368,pailit
3369,pait
3370,pajak
3371,pakai bahasa
3372,pakar
3373,paksa
3374,paku
3375,palat
3376,pales
3377,palit
3378,palka
3379,palolo
3380,pamer
3381,pamflet
3382,pampat
3383,panar
3384,panas
3385,panas hati
3386,pancakara
3387,pancang
3388,pancar
3389,pancur
3390,pandai
3391,pandemi
3392,pandir
3393,pangah
3394,panggang
3395,panggil
3396,pangkal kerongkongan
3397,pangku tangan
3398,pangkur
3399,pangsa
3400,panik
3401,panjat doa
3402,panjipanji
3403,pantai
3404,pantak
3405,pantang
3406,pantas
3407,pantat
3408,pantes
3409,pantesan
3410,papak
3411,papakerma
3412,papar
3413,papas
3414,parah
3415,parak
3416,paralelogram
3417,paranormal
3418,parap
3419,parau
3420,pari
3421,pariwara
3422,parlemen
3423,parlente
3424,parokial
3425,partai
3426,paruh
3427,parut
3428,pasak
3429,pasal
3430,pasang
3431,pasang hidup
3432,pasif
3433,pasok
3434,pasrah
3435,pasu
3436,pasuk
3437,patah
3438,patah pucuk
3439,pataka
3440,patgulipat
3441,pati
3442,patos
3443,patuk
3444,patung
3445,patut
3446,paut
3447,pawana
3448,payah
3449,payudara
3450,pdhal
3451,pecah
3452,pecat
3453,pedar
3454,pedas
3455,pedes
3456,pedih
3457,pedofil
3458,peduli
3459,pegal hati
3460,pegang
3461,pegari
3462,pegawai negeri
3463,pegawai perintah
3464,pejajaran
3465,pejal
3466,pekak
3467,pekik
3468,pekir
3469,pekuk
3470,pelak
3471,pelana
3472,pelanting
3473,pelecok
3474,pelekok
3475,peles
3476,peleset
3477,pelesit
3478,pelet
3479,pelik
3480,pelir
3481,pelit
3482,pelita
3483,pelor
3484,pelosok
3485,pelosot
3486,peluk
3487,peluru
3488,pematang
3489,pemberitahuan
3490,pemintaminta
3491,pemuda
3492,penasaran
3493,penat
3494,pencar
3495,pencet
3496,pencil
3497,pendam
3498,pendek
3499,pendek akal
3500,pendek tali
3501,pending
3502,pengang
3503,pengap
3504,pengar
3505,pengaruh
3506,penggal lidah
3507,penghisapan
3508,pening
3509,penis
3510,peniti
3511,penjara
3512,penjuru
3513,pensiun
3514,pental
3515,penting
3516,pentungpentungan
3517,penuh
3518,penuh sesak
3519,penyap
3520,pepak
3521,pepat
3522,pepet
3523,perahu
3524,perak
3525,perang
3526,perang hati
3527,perang mulut
3528,peranjat
3529,peras
3530,perban
3531,percaya
3532,percaya diri
3533,percuma
3534,perdata
3535,perenyak
3536,peres
3537,peretel
3538,perfek
3539,pergi
3540,pergok
3541,perih
3542,periksa
3543,pering
3544,peristiwa
3545,perit
3546,perkakas
3547,perkara
3548,perkutut
3549,perlahanlahan
3550,perli
3551,perlina
3552,perlus
3553,permai
3554,perosok
3555,persuasi
3556,pertiwi
3557,peruk
3558,perus
3559,pesan
3560,pesat
3561,pesawat
3562,pesona
3563,petaka
3564,petir
3565,petuah
3566,petus
3567,pgen
3568,php
3569,pialang
3570,pica
3571,pidana
3572,pihak
3573,pijak
3574,pijar
3575,pijatpijat
3576,pikat
3577,pikir
3578,pikir tumpul
3579,pikul
3580,pikun
3581,pilak
3582,pilih
3583,pilihpilih
3584,pilin
3585,pilon
3586,pilu
3587,pinak
3588,pincang
3589,pindah
3590,pinggir
3591,pinggul
3592,pingsan
3593,pinter
3594,pipih
3595,pipis
3596,pipit
3597,pisah
3598,pita
3599,pitnah
3600,piye
3601,please
3602,plongahplongoh
3603,plongaplongo
3604,pls
3605,pohon
3606,pojok
3607,poko
3608,pokok
3609,pol
3610,poleng
3611,politik
3612,polos
3613,polusi
3614,pongah
3615,pongsu
3616,poor
3617,popok
3618,porakporanda
3619,porno
3620,posisi
3621,potel
3622,potol
3623,potong
3624,praduga
3625,prahara
3626,prajurit
3627,pranatal
3628,prapendapat
3629,prasangka
3630,prediksi
3631,preseden
3632,presentasi
3633,pretel
3634,prihatin
3635,primer
3636,primitif
3637,prinsipil
3638,problem
3639,profit
3640,prosa
3641,prosais
3642,prosedur
3643,proses
3644,protes
3645,puaka
3646,puasa
3647,puatang
3648,pub
3649,pucat
3650,pucuk
3651,pudar
3652,puisi
3653,pukang
3654,pukau
3655,pukul
3656,pulak
3657,pulang
3658,pulas
3659,pulsa
3660,pumpun
3661,punah
3662,puncak
3663,pundung
3664,puntianak
3665,puntung
3666,pupus
3667,puput
3668,purba
3669,purbasangka
3670,purnama
3671,puruk
3672,purwa
3673,pusang
3674,pusing
3675,pusing keling
3676,pusink
3677,puspamala
3678,pusu
3679,pusung
3680,putau
3681,putih
3682,putih tulang
3683,putus
3684,putus akal
3685,putus jiwa
3686,putus napas
3687,putus nyawa
3688,putus tali gantung
3689,putus usia
3690,puyan
3691,puyeng
3692,qada
3693,raba
3694,rabak
3695,raban
3696,rabies
3697,rabit
3698,racik
3699,rad
3700,radang
3701,radikal
3702,radius
3703,ragam
3704,ragu
3705,raguk
3706,raguragu
3707,rahasia
3708,rahayu
3709,rahmat
3710,raib
3711,raiso
3712,raja
3713,rajalela
3714,rajam
3715,rajin
3716,rakaat
3717,ralip
3718,ramah
3719,ramai
3720,ramal
3721,rambak
3722,rambang
3723,rame
3724,rampak
3725,rampang
3726,rampas
3727,rampok
3728,rampus
3729,ranai
3730,ranap
3731,rancak
3732,rancap
3733,rancau
3734,rancu
3735,randek
3736,random
3737,randu
3738,rang
3739,ranggah
3740,rangkai
3741,rangkak
3742,rangkam
3743,rangkap
3744,rangkul
3745,rangkum
3746,rangkup
3747,rangkus
3748,rangsang
3749,rantai
3750,rantas
3751,rantus
3752,ranyah
3753,rapat
3754,rapet
3755,rapi
3756,rapun
3757,ras
3758,rasa
3759,rasa hati
3760,rasa malu
3761,rasain
3762,rasi
3763,rasialisme
3764,rasio
3765,rasionalitas
3766,rasisme
3767,rasuk
3768,rasuk hati
3769,rat
3770,rata
3771,ratap
3772,raut
3773,rawak
3774,rawan
3775,rawat
3776,rayah
3777,rayap
3778,rayau
3779,rayu
3780,reaksi
3781,realisasi
3782,realitas
3783,reba
3784,rebah
3785,rebak
3786,rebeh
3787,rebet
3788,rebut
3789,reca
3790,receh
3791,recok
3792,redam
3793,redang
3794,redik
3795,redup
3796,refleksi
3797,regenerasi
3798,regu
3799,reguk
3800,rejeng
3801,reka
3802,rekam
3803,rekan
3804,reken
3805,rekomendasi
3806,rel
3807,rela
3808,relai
3809,relasi
3810,relevansi
3811,relung
3812,rem
3813,remaja
3814,remang
3815,rembas
3816,rembes
3817,rembet
3818,remeh
3819,rempak
3820,remuk
3821,remuk redam
3822,rencah
3823,rencana
3824,rendah
3825,rengeh
3826,renggang
3827,rengsa
3828,renjana
3829,rentak
3830,rentan
3831,renti
3832,renung
3833,renyam
3834,renyang
3835,renyem
3836,repot
3837,represi
3838,reput
3839,resah
3840,resan
3841,resap
3842,resek
3843,resesi
3844,residivis
3845,resistan
3846,resonansi
3847,restan
3848,restoran
3849,resultan
3850,resurjensi
3851,retak
3852,retas
3853,retek
3854,revolusioner
3855,rewel
3856,reyot
3857,ria
3858,riang gembira
3859,riba
3860,ribet
3861,ribut
3862,ricuh
3863,rida
3864,rim
3865,rincis
3866,rincu
3867,rinding
3868,rindu
3869,ringan
3870,ringan lidah
3871,ringan mulut
3872,ringan tangan
3873,ringkas
3874,ringkih
3875,ringkik
3876,ringkus
3877,rintang
3878,rintik
3879,rintis
3880,rip
3881,risa
3882,risak
3883,risi
3884,risiko
3885,riuh
3886,riuk
3887,robek
3888,roboh
3889,roda
3890,rogoh
3891,rogok
3892,roh jahat
3893,rokok
3894,rombak
3895,rombeng
3896,rombong
3897,romong
3898,rompak
3899,rompeng
3900,rompes
3901,rompoh
3902,rompok
3903,rompong
3904,rompyok
3905,rona
3906,rongga
3907,ronggang
3908,rongkol
3909,rongseng
3910,rongsok
3911,ronta
3912,rontok
3913,rorod
3914,rosak
3915,rosok
3916,rua
3917,ruai
3918,ruak
3919,ruang
3920,ruat
3921,rubuh
3922,rucah
3923,rudapaksa
3924,rudin
3925,rugi
3926,rukun
3927,rum
3928,rumah tangga
3929,rumbing
3930,rumit
3931,rumor
3932,rumung
3933,runcing
3934,rundung
3935,runjang
3936,runtuh
3937,runtun
3938,runyam
3939,ruok
3940,rupa
3941,rupawan
3942,rurut
3943,rusa
3944,rusak
3945,rusak binasa
3946,rusuh
3947,rusuk
3948,rute
3949,ruwet
3950,ruyup
3951,saba
3952,sabak
3953,sabet
3954,sabil
3955,sabit
3956,sabot
3957,sabung
3958,sabung nyawa
3959,sad
3960,sadar
3961,sadau
3962,sadis
3963,sadran
3964,sadur
3965,safa
3966,safih
3967,safinah
3968,sagang
3969,sahabat
3970,sahara
3971,sahih
3972,sajak
3973,sajen
3974,sakar
3975,sakat
3976,sakit
3977,sakit hati
3978,sakit ingat
3979,sakit jiwa
3980,sakitsakitan
3981,sakral
3982,saksama
3983,saku
3984,salah
3985,salah benang
3986,salah langkah
3987,salah tingkah
3988,salah urat
3989,salak
3990,salin
3991,salut
3992,sama
3993,sama sekali
3994,samar
3995,samasama
3996,sambar
3997,sambat
3998,sambel
3999,sambit
4000,sambung
4001,sambung jiwa
4002,sampah
4003,sampean
4004,samping
4005,sampuk
4006,sampul
4007,sampur
4008,sandar
4009,sanding
4010,sandung
4011,sangat
4012,sange
4013,sangga
4014,sanggah
4015,sanggama
4016,sanggit
4017,sanggup
4018,sangit
4019,sangka
4020,sangkak
4021,sangkak hati
4022,sangkal
4023,sangkut
4024,sangkutpaut
4025,sangsi
4026,sano
4027,santak
4028,santap
4029,santet
4030,santun
4031,sapi
4032,sapi jantan
4033,sapit
4034,sapu
4035,sara
4036,sara bara
4037,sarak
4038,saran
4039,sarangan
4040,sarau
4041,sarik
4042,sarit
4043,sarung
4044,sasana
4045,satelit
4046,satir
4047,satire
4048,satria
4049,satron
4050,satu
4051,saum
4052,sawar
4053,sawat
4054,sayang
4055,sayap
4056,sayat
4057,sayat hati
4058,sayid
4059,sayu
4060,sayu rawan
4061,sayu rayu
4062,sayung
4063,sayup
4064,sebar
4065,sebarang
4066,sebat
4067,sebel
4068,sebenernya
4069,sebentar
4070,seberang
4071,sebit
4072,sedat
4073,sedeng
4074,sederhana
4075,sedi
4076,sedia
4077,sedih
4078,sedihhh
4079,sedikit
4080,sedikitdikitnya
4081,sedot
4082,sedu
4083,segera
4084,segi
4085,segitu
4086,segitunya
4087,sehat
4088,sejuk
4089,seka
4090,sekadar
4091,sekali
4092,sekam
4093,sekar
4094,sekat
4095,sekedup
4096,seko
4097,sekongkol
4098,sekop
4099,seksi
4100,seksologis
4101,seksualitas
4102,sekurangkurangnya
4103,sekutu
4104,sela
4105,seladang
4106,selak
4107,selang
4108,selap
4109,selar
4110,selawat
4111,selebaran
4112,seleder
4113,selekeh
4114,selektif
4115,selempang
4116,selentik
4117,selerang
4118,selesai
4119,selesma
4120,seleweng
4121,selia
4122,selidik
4123,selinap
4124,selingkuh
4125,selip
4126,selir
4127,selisih
4128,selitbelit
4129,selokan
4130,seloroh
4131,selubung
4132,seluk
4133,seluk beluk
4134,selukbeluk
4135,selulur
4136,selundup
4137,seluruh
4138,selusuh
4139,selusur
4140,semak
4141,semak hati
4142,seman
4143,semangat
4144,semangatin
4145,semaput
4146,semat
4147,sematamata
4148,semayam
4149,sembah
4150,sembahyang
4151,sembam
4152,sembarang
4153,sember
4154,sembilu
4155,sembrono
4156,sembul
4157,sembunyi
4158,sembunyisembunyi
4159,sembur
4160,semena
4161,semenamena
4162,semenggah
4163,sementung
4164,semi
4165,semir
4166,semok
4167,sempelah
4168,sempena
4169,sempit
4170,semprot
4171,sempuras
4172,sempurna
4173,semrawut
4174,semua
4175,senang
4176,senat
4177,senda gurau
4178,sendal
4179,sendi
4180,sendiri
4181,sendu
4182,senewen
4183,sengaja
4184,sengal
4185,sengat
4186,senggak
4187,senggau
4188,senging
4189,sengketa
4190,sengsara
4191,seni
4192,senior
4193,senjang
4194,senonoh
4195,sensasi
4196,sensi
4197,senta
4198,sentak
4199,senteng
4200,sentil
4201,sentimen
4202,sentong
4203,sentuh
4204,sentuh asa
4205,sentuk
4206,senyampang
4207,senyap
4208,senyum
4209,senyur
4210,sepai
4211,sepak
4212,sepakat
4213,sepele
4214,sepenuh
4215,sepi
4216,sepit
4217,sepuh
4218,sepuk
4219,sera
4220,serabutan
4221,seraga
4222,serah
4223,serah jiwa raga
4224,serak
4225,seram
4226,serampang
4227,serampu
4228,seranah
4229,serang
4230,serap
4231,serapah
4232,serasi
4233,serawak
4234,serbu
4235,serempak
4236,serenging
4237,serengit
4238,seret
4239,serik
4240,serikat
4241,serindai
4242,seringai
4243,seringing
4244,serius
4245,serobot
4246,serong
4247,serpih
4248,sertifikat
4249,seru
4250,seruh
4251,seruput
4252,serutu
4253,sesak
4254,sesal
4255,sesap
4256,sesar
4257,sesat
4258,sesat akal
4259,sesat pusat
4260,sesuai bunyi
4261,setan
4262,setek
4263,seteru
4264,setia
4265,setip
4266,setor
4267,setrap
4268,sewal
4269,sewenangwenang
4270,sewot
4271,shabushabu
4272,shy
4273,si 
4274,si fulan
4275,si polan
4276,sia
4277,sial
4278,sian
4279,siapa
4280,siar
4281,siasat
4282,siasia
4283,siat
4284,sibuk
4285,sidang
4286,sidik midik
4287,sifer
4288,sigap
4289,sigar
4290,sigi
4291,signifikansi
4292,sihh
4293,sikat
4294,sikit
4295,siklon
4296,siksa
4297,sikut
4298,sila
4299,silam
4300,silang
4301,silang selisih
4302,silang sengketa
4303,silap
4304,silap mata
4305,silih
4306,silu
4307,siluman
4308,simak
4309,simbah
4310,simpan
4311,simpang
4312,simpangsiur
4313,simpatik
4314,simpuh
4315,sin
4316,sinar
4317,sindir
4318,singgah
4319,singgang
4320,singgung
4321,singkap
4322,singkat
4323,singkat akal
4324,singkil
4325,singkir
4326,singsing
4327,sinkron
4328,sinting
4329,sipongang
4330,sir
4331,sirah
4332,sirap
4333,sirap hati
4334,sirat
4335,sirep
4336,sirik
4337,sirkuler
4338,sirna
4339,sirsiran
4340,sisa
4341,sisalak
4342,sisi
4343,sisih
4344,sistem
4345,sistematik
4346,sistematis
4347,sita
4348,sitoplasma
4349,sivilisasi
4350,skors
4351,slebor
4352,slip
4353,soak
4354,soal
4355,soal jawab
4356,sobat
4357,sobek
4358,sodok
4359,sodor
4360,soe
4361,sogo
4362,sogok
4363,sohor
4364,sokom
4365,solang
4366,solek
4367,solid
4368,solokan
4369,solot
4370,sombong
4371,someng
4372,somplak
4373,soms
4374,songsong
4375,sontak
4376,sorak
4377,sorang
4378,sorong
4379,sorry
4380,sosi
4381,sotau
4382,sotoy
4383,spam
4384,spektakel
4385,spion
4386,sput
4387,stagnan
4388,stagnasi
4389,stalk
4390,stalking
4391,standar
4392,statis
4393,stok
4394,stop
4395,stori
4396,stres
4397,stress
4398,suak
4399,suap
4400,suara
4401,suari
4402,subang
4403,subversif
4404,suci
4405,sudi
4406,sudu
4407,sugesti
4408,suka
4409,suka cita
4410,suka ganggu
4411,suka hati
4412,sukar
4413,sukarela
4414,sukaria
4415,sukat
4416,sulalah
4417,sulam
4418,sulfur
4419,sulit
4420,sulut
4421,sumarah
4422,sumbang
4423,sumbat
4424,sumbing
4425,sumpah
4426,sumpah serapah
4427,sumpal
4428,sumpek
4429,sumpit
4430,sun
4431,sunam
4432,sunat
4433,sundal bolong
4434,sunduk
4435,sundut
4436,sunggit
4437,sungguh
4438,sungguhpun
4439,sungkan
4440,sungkap
4441,sungkawa
4442,sungkit
4443,suni
4444,suntik
4445,suntuk
4446,sunu
4447,sunyi
4448,super
4449,suplai
4450,surah
4451,surai
4452,suram
4453,surat takdir
4454,suri
4455,surih
4456,surih cakap
4457,suruh
4458,suruk
4459,surup
4460,surut
4461,susah
4462,susah hati
4463,susila
4464,suspend
4465,susu
4466,susuh
4467,susuk
4468,susul
4469,susup
4470,susur tangan
4471,susut
4472,sutradara
4473,suudzon
4474,syahwat
4475,syair
4476,syak
4477,syedi
4478,syedih
4479,syur
4480,ta
4481,taat
4482,tabal
4483,tabrak
4484,tabung
4485,tabur
4486,tadabur
4487,tae
4488,tafakur
4489,tagak
4490,tagar
4491,tagih
4492,tagut
4493,tahan
4494,tahi
4495,tahi angin
4496,tahu
4497,tahun
4498,tai
4499,taik
4500,tais
4501,tajak
4502,tajam
4503,tajam mata
4504,taji
4505,tak
4506,tak nyawa
4507,tak segan
4508,takal
4509,takar
4510,takda
4511,takjub
4512,takluk
4513,taksa
4514,taksir
4515,takul
4516,takut
4517,talak
4518,talas
4519,talenan
4520,tali jantung
4521,talun
4522,tamat
4523,tamat riwayat
4524,tambah
4525,tambak
4526,tambat hati
4527,tambeng
4528,tambun
4529,tambus
4530,tampak
4531,tampak diri
4532,tampar
4533,tampel
4534,tampik
4535,tampil
4536,tampuk
4537,tamu
4538,tanah tandus
4539,tanam
4540,tancap
4541,tanda
4542,tandang
4543,tanding
4544,tanduk
4545,tang
4546,tangan panas
4547,tangap
4548,tanggal
4549,tanggang
4550,tanggap
4551,tangguh
4552,tanggul
4553,tanggulang
4554,tanggung
4555,tangis
4556,tangkal
4557,tangkap
4558,tangkap basah
4559,tangkap tangan
4560,tangkas
4561,tangkis
4562,tantang
4563,tanur
4564,tanya
4565,tapa
4566,tapak
4567,tapak kaki
4568,tapatapa
4569,tara
4570,taraf
4571,tarah
4572,tarak
4573,tarekat
4574,tarik
4575,tarik hati
4576,tarik napas habis
4577,taruh
4578,taruh syak
4579,tarung
4580,tasyakur
4581,tata
4582,tatahtatah
4583,tatak
4584,tau
4585,tauk
4586,taun
4587,taut
4588,tauu
4589,tawan
4590,tawar
4591,tawon
4592,tayib
4593,tayibah
4594,tbc
4595,tebak
4596,tebal
4597,tebal hati
4598,tebal telinga
4599,tebar
4600,tebat
4601,tebuk
4602,tedak
4603,teduh
4604,tega
4605,tegah
4606,tegak
4607,tegal
4608,tegang
4609,tegap
4610,tegar
4611,teguh
4612,teguk
4613,tegun
4614,tegur
4615,tegur ajar
4616,tekad
4617,tekak
4618,tekan
4619,tekan mental
4620,tekek
4621,teknik
4622,teks
4623,tekuk lutut
4624,telaah
4625,teladan
4626,telak
4627,telan
4628,telanjang
4629,telanjur
4630,telantar
4631,telat
4632,teledor
4633,telerang
4634,teles
4635,telik
4636,telimpuh
4637,telinga lembut
4638,telinga merah
4639,teliti waskita
4640,teman
4641,tembak
4642,tembakau
4643,tembakmenembak
4644,tembam
4645,tembelang
4646,tembis
4647,tembok
4648,temenan
4649,temenin
4650,tempat
4651,tempel
4652,tempelak
4653,temperas
4654,tempiar
4655,tempik
4656,tempo
4657,temporer
4658,temu roma
4659,tenang
4660,tendang
4661,tendas
4662,tendensi
4663,tengah
4664,tengak
4665,tenggak
4666,tenggalam
4667,tenggan
4668,tenggang
4669,tenggarang
4670,tenggelem
4671,tengkar
4672,tengkar mulut
4673,tengking
4674,tengkoh
4675,tengku
4676,tengkulak
4677,tengok
4678,tensi
4679,tenung
4680,teologis
4681,tepi
4682,tepi mata
4683,tepu
4684,terajam
4685,terali
4686,terampil
4687,terang
4688,terang akal
4689,terban
4690,terbang arwah
4691,terbang pikir
4692,tercengangcengang
4693,tergelenggeleng
4694,teriak
4695,terima
4696,terima nyata
4697,terjang
4698,terjerembab
4699,terjun
4700,terka
4701,terkam
4702,terkapahkapah
4703,terkencarkencar
4704,terlalu
4705,terminal
4706,terminasi
4707,teror
4708,terowongan
4709,terpa
4710,terpalitpalit
4711,terpana
4712,terror
4713,tersengalsengal
4714,tersengutsengut
4715,tersiasia
4716,tertib
4717,tesis
4718,tetap
4719,tetap hati
4720,tetas
4721,tetek
4722,tetes
4723,tetes darah
4724,tetiba
4725,tetua
4726,tewas
4727,tiada
4728,tian
4729,tidur
4730,tidurin
4731,tika
4732,tika pangkai
4733,tikai
4734,tikam
4735,tike
4736,tilam
4737,tilap
4738,tilas
4739,tim
4740,timah panas
4741,timang
4742,timbal
4743,timbang
4744,timbul
4745,timbun
4746,timburu
4747,timpa
4748,timpal
4749,timpang
4750,timpuk
4751,tindak
4752,tindas
4753,tindih
4754,tindik
4755,ting
4756,tingau
4757,tinggal
4758,tinggi
4759,tingkah
4760,tingkat
4761,tingkeb
4762,tingkuh
4763,tinja
4764,tinju
4765,tip
4766,tipeks
4767,tipu
4768,tipu muslihat
4769,tiri
4770,titi
4771,titik
4772,titik berat
4773,titip api
4774,titis
4775,titis darah
4776,tiup
4777,tiuptiup
4778,tkde
4779,tobak
4780,tobat
4781,toboh
4782,todong
4783,tokok
4784,tolak
4785,toleransi
4786,tolok
4787,tolol
4788,tonggak
4789,tongkat senduk
4790,tongkrong
4791,tongong
4792,tonjok
4793,tonjol
4794,tonton
4795,topan
4796,topek
4797,topo
4798,tosan aji
4799,tradisional
4800,tragedi
4801,transformasi
4802,trauma
4803,traumatis
4804,travesti
4805,trayek
4806,trek
4807,tren
4808,tresna
4809,tt
4810,tua
4811,tua bangka
4812,tuah
4813,tuak
4814,tuas
4815,tuba
4816,tubruk
4817,tubuh
4818,tudung lingkup
4819,tugal
4820,tugas
4821,tugur
4822,tuhkan
4823,tuhmah
4824,tuil
4825,tuju
4826,tukang
4827,tukar
4828,tukar akal
4829,tukas
4830,tukik
4831,tulah
4832,tulang
4833,tulang punggung
4834,tular
4835,tuli
4836,tulup
4837,tulus hati
4838,tumandang
4839,tumang
4840,tumbang
4841,tumbang vertikal
4842,tumben
4843,tumbu
4844,tumbuk
4845,tumbuk akal
4846,tumor
4847,tumpah hati
4848,tumpang
4849,tumpang tinggal
4850,tumpas
4851,tumpat
4852,tumpu
4853,tumpuk
4854,tumpul
4855,tumpul otak
4856,tumpur
4857,tun
4858,tunang
4859,tunas
4860,tunasusila
4861,tunda
4862,tunduk
4863,tung
4864,tunggak
4865,tunggang
4866,tunggang gunung
4867,tunggu
4868,tunggul
4869,tungku
4870,tunjang
4871,tunjuk
4872,tunjuk asa
4873,tuntun
4874,tuntut
4875,tunu
4876,tupai
4877,turun
4878,turut
4879,tusuk
4880,tutup
4881,tutup mulut
4882,tutur
4883,tutur bahasa
4884,tutur kata
4885,tuyul
4886,typo
4887,typonya
4888,ua
4889,uang pecah
4890,uang sogok
4891,uar
4892,uaruar
4893,ubah akal
4894,ubah ingat
4895,uber
4896,ucap
4897,ucek
4898,uciuci
4899,udahan
4900,udak
4901,udara
4902,udeh
4903,udi
4904,ugalugalan
4905,ugh
4906,uit
4907,ujar
4908,uji
4909,ujung
4910,ujung tangan
4911,ukir
4912,ulah
4913,ulamulam
4914,ulas pers
4915,uler
4916,ulung
4917,ulur lidah
4918,umbar
4919,umbulumbul
4920,umpan
4921,umpat
4922,umpil
4923,umum
4924,umur
4925,unam
4926,undi
4927,unfollow
4928,ungkap
4929,ungkit
4930,unit
4931,unjuk
4932,unjuk rasa
4933,unmood
4934,unting
4935,untun
4936,untung
4937,upah
4938,upaya
4939,uras
4940,urgen
4941,urine
4942,uringuringan
4943,urit
4944,urita
4945,urun
4946,urung
4947,uruturutan
4948,usah
4949,usaha
4950,usai
4951,usak
4952,usang
4953,usap
4954,usik
4955,usil
4956,usir
4957,usrek
4958,usul
4959,utang
4960,uyuh
4961,vagina
4962,vakum
4963,validitas
4964,vampir
4965,varian
4966,vibrasi
4967,vital
4968,vonis
4969,vulgar
4970,wabah
4971,wacana
4972,waduh
4973,waduk
4974,wafat
4975,wah
4976,waham
4977,wajar
4978,wajib
4979,wakil
4980,walak
4981,walang hati
4982,wan
4983,wangsit
4984,wara
4985,waras
4986,warawara
4987,waris
4988,warita
4989,warna
4990,warta
4991,wasit
4992,waspada
4993,waswas
4994,watu
4995,wawa
4996,wedus
4997,week
4998,wejang
4999,welas
5000,why
5001,wimana
5002,wreda
5003,wujud
5004,xx
5005,yaahh
5006,yahhh
5007,yakali
5008,yalord
5009,yampun
5010,yaoi
5011,yauda
5012,yaudah
5013,yaudahlah
5014,yaudh
5015,yelah
5016,yg tuan
5017,yodah
5018,yunior
5019,yuwaraja
5020,zakar
5021,zalim
5022,zat mabuk
5023,zero
5024,ziarah
5025,zikir
5026,zina
5027,zuhud
